10/1964,42000,-,210000,210000,FALSE,-,-,1,"0,000001",1,1,1,1,1,1,-,-,1,1,"0,00%","1,0000%"
11/1964,42000,-,210000,210000,FALSE,-,-,1,"0,000001",1,1,1,1,1,1,-,-,1,1,"0,00%","1,0000%"
12/1964,42000,-,210000,210000,FALSE,-,-,1,"0,000001","1,13",1,"1,13",1,"1,13",1,-,-,"1,13",1,"0,00%","1,0000%"
01/1965,42000,-,210000,210000,FALSE,-,-,1,"0,000001",1,1,1,1,1,1,-,-,1,1,"0,00%","1,0000%"
02/1965,42000,-,210000,210000,FALSE,-,-,1,"0,000001",1,1,1,1,1,1,-,-,1,1,"0,00%","1,0000%"
03/1965,66000,-,330000,330000,FALSE,-,-,1,"0,000001","1,185840708",1,"1,185840708",1,"1,185840708",1,-,-,"1,185840708",1,"0,00%","1,0000%"
04/1965,66000,-,330000,330000,FALSE,-,-,1,"0,000001",1,1,1,1,1,1,-,-,1,1,"0,00%","1,0000%"
05/1965,66000,-,330000,330000,FALSE,-,-,1,"0,000001",1,1,1,1,1,1,-,-,1,1,"0,00%","1,0000%"
06/1965,66000,-,330000,330000,FALSE,-,-,1,"0,000001","1,1343283582",1,"1,1343283582",1,"1,1343283582",1,-,-,"1,1343283582",1,"0,00%","1,0000%"
07/1965,66000,-,330000,330000,FALSE,-,-,1,"0,000001",1,1,1,1,1,1,-,-,1,1,"0,00%","1,0000%"
08/1965,66000,-,330000,330000,FALSE,-,-,1,"0,000001","1,0328947368",1,"1,0328947368",1,"1,0328947368",1,-,-,"1,0328947368",1,"0,00%","1,0000%"
09/1965,66000,-,330000,330000,FALSE,-,-,1,"0,000001","1,0127388535",1,"1,0127388535",1,"1,0127388535",1,-,-,"1,0127388535",1,"0,00%","1,0000%"
10/1965,66000,-,330000,330000,FALSE,-,-,1,"0,000001","1,0094339623",1,"1,0094339623",1,"1,0094339623",1,-,-,"1,0094339623",1,"0,00%","1,0000%"
11/1965,66000,-,330000,330000,FALSE,-,-,1,"0,000001","1,015576324",1,"1,015576324",1,"1,015576324",1,-,-,"1,015576324",1,"0,00%","1,0000%"
12/1965,66000,-,330000,330000,FALSE,-,-,1,"0,000001","1,018404908",1,"1,018404908",1,"1,018404908",1,-,-,"1,018404908",1,"0,00%","1,0000%"
01/1966,66000,-,330000,330000,FALSE,-,-,1,"0,000001","1,0271084337",1,"1,0271084337",1,"1,0271084337",1,-,-,"1,0271084337",1,"0,00%","1,0000%"
02/1966,66000,-,330000,330000,FALSE,-,-,1,"0,000001","1,0146627566",1,"1,0146627566",1,"1,0146627566",1,-,-,"1,0146627566",1,"0,00%","1,0000%"
03/1966,84000,-,420000,420000,FALSE,-,-,1,"0,000001","1,0173410405",1,"1,0173410405",1,"1,0173410405",1,-,-,"1,0173410405",1,"0,00%","1,0000%"
04/1966,84000,-,420000,420000,FALSE,-,-,1,"0,000001","1,0386363636",1,"1,0386363636",1,"1,0386363636",1,-,-,"1,0386363636",1,"0,00%","1,0000%"
05/1966,84000,-,420000,420000,FALSE,-,-,1,"0,000001","1,0443107221",1,"1,0443107221",1,"1,0443107221",1,-,-,"1,0443107221",1,"0,00%","1,0000%"
06/1966,84000,-,420000,420000,FALSE,-,-,1,"0,000001","1,0408590885",1,"1,0408590885",1,"1,0408590885",1,-,-,"1,0408590885",1,"0,00%","1,0000%"
07/1966,84000,-,420000,420000,FALSE,-,-,1,"0,000001","1,0281831907",1,"1,0281831907",1,"1,0281831907",1,-,-,"1,0281831907",1,"0,00%","1,0000%"
08/1966,84000,-,420000,420000,FALSE,-,-,1,"0,000001","1,0283896231",1,"1,0283896231",1,"1,0283896231",1,-,-,"1,0283896231",1,"0,00%","1,0000%"
09/1966,84000,-,420000,420000,FALSE,-,-,1,"0,000001","1,0285578296",1,"1,0285578296",1,"1,0285578296",1,-,-,"1,0285578296",1,"0,00%","1,0000%"
10/1966,84000,-,420000,420000,FALSE,-,-,1,"0,000001","1,0263766775",1,"1,0263766775",1,"1,0263766775",1,-,-,"1,0263766775",1,"0,00%","1,0000%"
11/1966,84000,-,420000,420000,FALSE,-,-,1,"0,000001","1,022993688",1,"1,022993688",1,"1,022993688",1,-,-,"1,022993688",1,"0,00%","1,0000%"
12/1966,84000,-,840000,840000,FALSE,-,-,1,"0,000001","1,0237990304",1,"1,0237990304",1,"1,0237990304",1,-,-,"1,0237990304",1,"0,00%","1,0000%"
01/1967,84000,-,840000,840000,FALSE,-,-,1,"0,000001","0,0010236763",1,"0,0010236763",1,"0,0010236763",1,-,-,"0,0010236763",1,"0,00%","1,0000%"
02/1967,84,-,840,840,FALSE,-,-,1,"0,000001","1,0210260723",1,"1,0210260723",1,"1,0210260723",1,-,-,"1,0210260723",1,"0,00%","1,0000%"
03/1967,105,-,1050,1050,FALSE,-,-,1,"0,000001","1,0148270181",1,"1,0148270181",1,"1,0148270181",1,-,-,"1,0148270181",1,"0,00%","1,0000%"
04/1967,105,-,1050,1050,FALSE,-,-,1,"0,000001","1,0150162338",1,"1,0150162338",1,"1,0150162338",1,-,-,"1,0150162338",1,"0,00%","1,0000%"
05/1967,105,-,1050,1050,FALSE,-,-,1,"0,000001","1,0179928029",1,"1,0179928029",1,"1,0179928029",1,-,-,"1,0179928029",1,"0,00%","1,0000%"
06/1967,105,-,1050,1050,FALSE,-,-,1,"0,000001","1,0282796544",1,"1,0282796544",1,"1,0282796544",1,-,-,"1,0282796544",1,"0,00%","1,0000%"
07/1967,105,-,1050,1050,FALSE,-,-,1,"0,000001","1,025210084",1,"1,025210084",1,"1,025210084",1,-,-,"1,025210084",1,"0,00%","1,0000%"
08/1967,105,-,1050,1050,FALSE,-,-,1,"0,000001","1,0152757079",1,"1,0152757079",1,"1,0152757079",1,-,-,"1,0152757079",1,"0,00%","1,0000%"
09/1967,105,-,1050,1050,FALSE,-,-,1,"0,000001","1,0047706422",1,"1,0047706422",1,"1,0047706422",1,-,-,"1,0047706422",1,"0,00%","1,0000%"
10/1967,105,-,1050,1050,FALSE,-,-,1,"0,000001","1,0069393718",1,"1,0069393718",1,"1,0069393718",1,-,-,"1,0069393718",1,"0,00%","1,0000%"
11/1967,105,-,1050,1050,FALSE,-,-,1,"0,000001","1,0141458107",1,"1,0141458107",1,"1,0141458107",1,-,-,"1,0141458107",1,"0,00%","1,0000%"
12/1967,105,-,1050,1050,FALSE,-,-,1,"0,000001","1,0185979971",1,"1,0185979971",1,"1,0185979971",1,-,-,"1,0185979971",1,"0,00%","1,0000%"
01/1968,105,-,1050,1050,FALSE,-,-,1,"0,000001","1,0175561798",1,"1,0175561798",1,"1,0175561798",1,-,-,"1,0175561798",1,"0,00%","1,0000%"
02/1968,105,-,1050,1050,FALSE,-,-,1,"0,000001","1,0144927536",1,"1,0144927536",1,"1,0144927536",1,-,-,"1,0144927536",1,"0,00%","1,0000%"
03/1968,"129,6",-,1296,1296,FALSE,-,-,1,"0,000001","1,0146258503",1,"1,0146258503",1,"1,0146258503",1,-,-,"1,0146258503",1,"0,00%","1,0000%"
04/1968,"129,6",-,1296,1296,FALSE,-,-,1,"0,000001","1,0187730473",1,"1,0187730473",1,"1,0187730473",1,-,-,"1,0187730473",1,"0,00%","1,0000%"
05/1968,"129,6",-,1296,1296,FALSE,-,-,1,"0,000001","1,0266535044",1,"1,0266535044",1,"1,0266535044",1,-,-,"1,0266535044",1,"0,00%","1,0000%"
06/1968,"129,6",-,1296,1296,FALSE,-,-,1,"0,000001","1,028525641",1,"1,028525641",1,"1,028525641",1,-,-,"1,028525641",1,"0,00%","1,0000%"
07/1968,"129,6",-,1296,1296,FALSE,-,-,1,"0,000001","1,0224368962",1,"1,0224368962",1,"1,0224368962",1,-,-,"1,0224368962",1,"0,00%","1,0000%"
08/1968,"129,6",-,1296,1296,FALSE,-,-,1,"0,000001","1,0182871076",1,"1,0182871076",1,"1,0182871076",1,-,-,"1,0182871076",1,"0,00%","1,0000%"
09/1968,"129,6",-,1296,1296,FALSE,-,-,1,"0,000001","1,0140676444",1,"1,0140676444",1,"1,0140676444",1,-,-,"1,0140676444",1,"0,00%","1,0000%"
10/1968,"129,6",-,1296,1296,FALSE,-,-,1,"0,000001","1,0150531287",1,"1,0150531287",1,"1,0150531287",1,-,-,"1,0150531287",1,"0,00%","1,0000%"
11/1968,"129,6",-,1296,1296,FALSE,-,-,1,"0,000001","1,0162838034",1,"1,0162838034",1,"1,0162838034",1,-,-,"1,0162838034",1,"0,00%","1,0000%"
12/1968,"129,6",-,1296,1296,FALSE,-,-,1,"0,000001","1,0191702432",1,"1,0191702432",1,"1,0191702432",1,-,-,"1,0191702432",1,"0,00%","1,0000%"
01/1969,"129,6",-,1296,1296,FALSE,-,-,1,"0,000001","1,0182481752",1,"1,0182481752",1,"1,0182481752",1,-,-,"1,0182481752",1,"0,00%","1,0000%"
02/1969,"129,6",-,1296,1296,FALSE,-,-,1,"0,000001","1,017645437",1,"1,017645437",1,"1,017645437",1,-,-,"1,017645437",1,"0,00%","1,0000%"
03/1969,"129,6",-,1296,1296,FALSE,-,-,1,"0,000001","1,0140883229",1,"1,0140883229",1,"1,0140883229",1,-,-,"1,0140883229",1,"0,00%","1,0000%"
04/1969,"129,6",-,1296,1296,FALSE,-,-,1,"0,000001","1,0154955918",1,"1,0154955918",1,"1,0154955918",1,-,-,"1,0154955918",1,"0,00%","1,0000%"
05/1969,156,-,1560,1560,FALSE,-,-,1,"0,000001","1,0123651671",1,"1,0123651671",1,"1,0123651671",1,-,-,"1,0123651671",1,"0,00%","1,0000%"
06/1969,156,-,1560,1560,FALSE,-,-,1,"0,000001","1,0135135135",1,"1,0135135135",1,"1,0135135135",1,-,-,"1,0135135135",1,"0,00%","1,0000%"
07/1969,156,-,1560,1560,FALSE,-,-,1,"0,000001","1,0069230769",1,"1,0069230769",1,"1,0069230769",1,-,-,"1,0069230769",1,"0,00%","1,0000%"
08/1969,156,-,1560,1560,FALSE,-,-,1,"0,000001","1,0073847721",1,"1,0073847721",1,"1,0073847721",1,-,-,"1,0073847721",1,"0,00%","1,0000%"
09/1969,156,-,1560,1560,FALSE,-,-,1,"0,000001","1,0091001011",1,"1,0091001011",1,"1,0091001011",1,-,-,"1,0091001011",1,"0,00%","1,0000%"
10/1969,156,-,1560,1560,FALSE,-,-,1,"0,000001","1,0162825651",1,"1,0162825651",1,"1,0162825651",1,-,-,"1,0162825651",1,"0,00%","1,0000%"
11/1969,156,-,1560,1560,FALSE,-,-,1,"0,000001","1,020951442",1,"1,020951442",1,"1,020951442",1,-,-,"1,020951442",1,"0,00%","1,0000%"
12/1969,156,-,1560,1560,FALSE,-,-,1,"0,000001","1,0224529213",1,"1,0224529213",1,"1,0224529213",1,-,-,"1,0224529213",1,"0,00%","1,0000%"
01/1970,156,-,1560,1560,FALSE,-,-,1,"0,000001","1,0224321133",1,"1,0224321133",1,"1,0224321133",1,-,-,"1,0224321133",1,"0,00%","1,0000%"
02/1970,156,-,1560,1560,FALSE,-,-,1,"0,000001","1,0200923788",1,"1,0200923788",1,"1,0200923788",1,-,-,"1,0200923788",1,"0,00%","1,0000%"
03/1970,156,-,1560,1560,FALSE,-,-,1,"0,000001","1,0113199004",1,"1,0113199004",1,"1,0113199004",1,-,-,"1,0113199004",1,"0,00%","1,0000%"
04/1970,156,-,1560,1560,FALSE,-,-,1,"0,000001","1,0091784195",1,"1,0091784195",1,"1,0091784195",1,-,-,"1,0091784195",1,"0,00%","1,0000%"
05/1970,"187,2",-,1872,1872,FALSE,-,-,1,"0,000001","1,0093167702",1,"1,0093167702",1,"1,0093167702",1,-,-,"1,0093167702",1,"0,00%","1,0000%"
06/1970,"187,2",-,1872,1872,FALSE,-,-,1,"0,000001","1,0153846154",1,"1,0153846154",1,"1,0153846154",1,-,-,"1,0153846154",1,"0,00%","1,0000%"
07/1970,"187,2",-,1872,1872,FALSE,-,-,1,"0,000001","1,0088744589",1,"1,0088744589",1,"1,0088744589",1,-,-,"1,0088744589",1,"0,00%","1,0000%"
08/1970,"187,2",-,1872,1872,FALSE,-,-,1,"0,000001","1,0094400343",1,"1,0094400343",1,"1,0094400343",1,-,-,"1,0094400343",1,"0,00%","1,0000%"
09/1970,"187,2",-,1872,1872,FALSE,-,-,1,"0,000001","1,0119022317",1,"1,0119022317",1,"1,0119022317",1,-,-,"1,0119022317",1,"0,00%","1,0000%"
10/1970,"187,2",-,1872,1872,FALSE,-,-,1,"0,000001","1,0189035917",1,"1,0189035917",1,"1,0189035917",1,-,-,"1,0189035917",1,"0,00%","1,0000%"
11/1970,"187,2",-,1872,1872,FALSE,-,-,1,"0,000001","1,0212327355",1,"1,0212327355",1,"1,0212327355",1,-,-,"1,0212327355",1,"0,00%","1,0000%"
12/1970,"187,2",-,1872,1872,FALSE,-,-,1,"0,000001","1,0195801373",1,"1,0195801373",1,"1,0195801373",1,-,-,"1,0195801373",1,"0,00%","1,0000%"
01/1971,"187,2",-,1872,1872,FALSE,-,-,1,"0,000001","1,0184121956",1,"1,0184121956",1,"1,0184121956",1,-,-,"1,0184121956",1,"0,00%","1,0000%"
02/1971,"187,2",-,1872,1872,FALSE,-,-,1,"0,000001","1,0132192846",1,"1,0132192846",1,"1,0132192846",1,-,-,"1,0132192846",1,"0,00%","1,0000%"
03/1971,"187,2",-,1872,1872,FALSE,-,-,1,"0,000001","1,0099769762",1,"1,0099769762",1,"1,0099769762",1,-,-,"1,0099769762",1,"0,00%","1,0000%"
04/1971,"187,2",-,1872,1872,FALSE,-,-,1,"0,000001","1,0115881459",1,"1,0115881459",1,"1,0115881459",1,-,-,"1,0115881459",1,"0,00%","1,0000%"
05/1971,"225,6",-,2562,2562,FALSE,-,-,1,"0,000001","1,0142723005",1,"1,0142723005",1,"1,0142723005",1,-,-,"1,0142723005",1,"0,00%","1,0000%"
06/1971,"225,6",-,2562,2562,FALSE,-,-,1,"0,000001","1,0198111461",1,"1,0198111461",1,"1,0198111461",1,-,-,"1,0198111461",1,"0,00%","1,0000%"
07/1971,"225,6",-,2562,2562,FALSE,-,-,1,"0,000001","1,0199709513",1,"1,0199709513",1,"1,0199709513",1,-,-,"1,0199709513",1,"0,00%","1,0000%"
08/1971,"225,6",-,2562,2562,FALSE,-,-,1,"0,000001","1,021003916",1,"1,021003916",1,"1,021003916",1,-,-,"1,021003916",1,"0,00%","1,0000%"
09/1971,"225,6",-,2562,2562,FALSE,-,-,1,"0,000001","1,0217921897",1,"1,0217921897",1,"1,0217921897",1,-,-,"1,0217921897",1,"0,00%","1,0000%"
10/1971,"225,6",-,2562,2562,FALSE,-,-,1,"0,000001","1,0201330831",1,"1,0201330831",1,"1,0201330831",1,-,-,"1,0201330831",1,"0,00%","1,0000%"
11/1971,"225,6",-,2562,2562,FALSE,-,-,1,"0,000001","1,0163907008",1,"1,0163907008",1,"1,0163907008",1,-,-,"1,0163907008",1,"0,00%","1,0000%"
12/1971,"225,6",-,2562,2562,FALSE,-,-,1,"0,000001","1,0123416159",1,"1,0123416159",1,"1,0123416159",1,-,-,"1,0123416159",1,"0,00%","1,0000%"
01/1972,"225,6",-,2562,2562,FALSE,-,-,1,"0,000001","1,0120286086",1,"1,0120286086",1,"1,0120286086",1,-,-,"1,0120286086",1,"0,00%","1,0000%"
02/1972,"225,6",-,2562,2562,FALSE,-,-,1,"0,000001","1,0133311918",1,"1,0133311918",1,"1,0133311918",1,-,-,"1,0133311918",1,"0,00%","1,0000%"
03/1972,"225,6",-,2562,2562,FALSE,-,-,1,"0,000001","1,0114122682",1,"1,0114122682",1,"1,0114122682",1,-,-,"1,0114122682",1,"0,00%","1,0000%"
04/1972,"225,6",-,2562,2562,FALSE,-,-,1,"0,000001","1,0133207961",1,"1,0133207961",1,"1,0133207961",1,-,-,"1,0133207961",1,"0,00%","1,0000%"
05/1972,"268,8",-,2688,2688,FALSE,-,-,1,"0,000001","1,016857408",1,"1,016857408",1,"1,016857408",1,-,-,"1,016857408",1,"0,00%","1,0000%"
06/1972,"268,8",-,2688,2688,FALSE,-,-,1,"0,000001","1,0179467681",1,"1,0179467681",1,"1,0179467681",1,-,-,"1,0179467681",1,"0,00%","1,0000%"
07/1972,"268,8",-,2688,2688,FALSE,-,-,1,"0,000001","1,0143433438",1,"1,0143433438",1,"1,0143433438",1,-,-,"1,0143433438",1,"0,00%","1,0000%"
08/1972,"268,8",-,2688,2688,FALSE,-,-,1,"0,000001","1,0083959346",1,"1,0083959346",1,"1,0083959346",1,-,-,"1,0083959346",1,"0,00%","1,0000%"
09/1972,"268,8",-,2688,2688,FALSE,-,-,1,"0,000001","1,0071574642",1,"1,0071574642",1,"1,0071574642",1,-,-,"1,0071574642",1,"0,00%","1,0000%"
10/1972,"268,8",-,2688,2688,FALSE,-,-,1,"0,000001","1,0095721537",1,"1,0095721537",1,"1,0095721537",1,-,-,"1,0095721537",1,"0,00%","1,0000%"
11/1972,"268,8",-,2688,2688,FALSE,-,-,1,"0,000001","1,0066082459",1,"1,0066082459",1,"1,0066082459",1,-,-,"1,0066082459",1,"0,00%","1,0000%"
12/1972,"268,8",-,2688,2688,FALSE,-,-,1,"0,000001","1,0114171543",1,"1,0114171543",1,"1,0114171543",1,-,-,"1,0114171543",1,"0,00%","1,0000%"
01/1973,"268,8",-,2688,2688,FALSE,-,-,1,"0,000001","1,00987724",1,"1,00987724",1,"1,00987724",1,-,-,"1,00987724",1,"0,00%","1,0000%"
02/1973,"268,8",-,2688,2688,FALSE,-,-,1,"0,000001","1,0104792511",1,"1,0104792511",1,"1,0104792511",1,-,-,"1,0104792511",1,"0,00%","1,0000%"
03/1973,"268,8",-,2688,2688,FALSE,-,-,1,"0,000001","1,0120298673",1,"1,0120298673",1,"1,0120298673",1,-,-,"1,0120298673",1,"0,00%","1,0000%"
04/1973,"268,8",-,2688,2688,FALSE,-,-,1,"0,000001","1,0114769777",1,"1,0114769777",1,"1,0114769777",1,-,-,"1,0114769777",1,"0,00%","1,0000%"
05/1973,312,-,3120,3120,FALSE,-,-,1,"0,000001","1,012697555",1,"1,012697555",1,"1,012697555",1,-,-,"1,012697555",1,"0,00%","1,0000%"
06/1973,312,-,5200,5200,FALSE,-,-,1,"0,000001","1,0110710951",1,"1,0110710951",1,"1,0110710951",1,-,-,"1,0110710951",1,"0,00%","1,0000%"
07/1973,312,-,6240,6240,FALSE,-,-,1,"0,000001","1,0089709763",1,"1,0089709763",1,"1,0089709763",1,-,-,"1,0089709763",1,"0,00%","1,0000%"
08/1973,312,-,6240,6240,FALSE,-,-,1,"0,000001","1,0083682008",1,"1,0083682008",1,"1,0083682008",1,-,-,"1,0083682008",1,"0,00%","1,0000%"
09/1973,312,-,6240,6240,FALSE,-,-,1,"0,000001","1,0097251037",1,"1,0097251037",1,"1,0097251037",1,-,-,"1,0097251037",1,"0,00%","1,0000%"
10/1973,312,-,6240,6240,FALSE,-,-,1,"0,000001","1,0068062155",1,"1,0068062155",1,"1,0068062155",1,-,-,"1,0068062155",1,"0,00%","1,0000%"
11/1973,312,-,6240,6240,FALSE,-,-,1,"0,000001","1,0085459184",1,"1,0085459184",1,"1,0085459184",1,-,-,"1,0085459184",1,"0,00%","1,0000%"
12/1973,312,-,6240,6240,FALSE,-,-,1,"0,000001","1,0196028835",1,"1,0196028835",1,"1,0196028835",1,-,-,"1,0196028835",1,"0,00%","1,0000%"
01/1974,312,-,6240,6240,FALSE,-,-,1,"0,000001","1,0105432895",1,"1,0105432895",1,"1,0105432895",1,-,-,"1,0105432895",1,"0,00%","1,0000%"
02/1974,312,-,6240,6240,FALSE,-,-,1,"0,000001","1,0149748374",1,"1,0149748374",1,"1,0149748374",1,-,-,"1,0149748374",1,"0,00%","1,0000%"
03/1974,312,-,6240,6240,FALSE,-,-,1,"0,000001","1,0125770952",1,"1,0125770952",1,"1,0125770952",1,-,-,"1,0125770952",1,"0,00%","1,0000%"
04/1974,312,-,6240,6240,FALSE,-,-,1,"0,000001","1,0163621163",1,"1,0163621163",1,"1,0163621163",1,-,-,"1,0163621163",1,"0,00%","1,0000%"
05/1974,"376,8",-,7536,7536,FALSE,-,-,1,"0,000001","1,0212690952",1,"1,0212690952",1,"1,0212690952",1,-,-,"1,0212690952",1,"0,00%","1,0000%"
06/1974,"376,8",-,7536,7536,FALSE,-,-,1,"0,000001","1,0332527902",1,"1,0332527902",1,"1,0332527902",1,-,-,"1,0332527902",1,"0,00%","1,0000%"
07/1974,"376,8",-,7536,7536,FALSE,-,-,1,"0,000001","1,043986637",1,"1,043986637",1,"1,043986637",1,-,-,"1,043986637",1,"0,00%","1,0000%"
08/1974,"376,8",-,7536,7536,FALSE,-,-,1,"0,000001","1,04768",1,"1,04768",1,"1,04768",1,-,-,"1,04768",1,"0,00%","1,0000%"
09/1974,"376,8",-,7536,7536,FALSE,-,-,1,"0,000001","1,037466911",1,"1,037466911",1,"1,037466911",1,-,-,"1,037466911",1,"0,00%","1,0000%"
10/1974,"376,8",-,7536,7536,FALSE,-,-,1,"0,000001","1,0215897939",1,"1,0215897939",1,"1,0215897939",1,-,-,"1,0215897939",1,"0,00%","1,0000%"
11/1974,"376,8",-,7536,7536,FALSE,-,-,1,"0,000001","1,0125840538",1,"1,0125840538",1,"1,0125840538",1,-,-,"1,0125840538",1,"0,00%","1,0000%"
12/1974,"415,2",-,7536,7536,FALSE,-,-,1,"0,000001","1,012807134",1,"1,012807134",1,"1,012807134",1,-,-,"1,012807134",1,"0,00%","1,0000%"
01/1975,"415,2",-,7536,7536,FALSE,-,-,1,"0,000001","1,0151742226",1,"1,0151742226",1,"1,0151742226",1,-,-,"1,0151742226",1,"0,00%","1,0000%"
02/1975,"415,2",-,7536,7536,FALSE,-,-,1,"0,000001","1,0166082303",1,"1,0166082303",1,"1,0166082303",1,-,-,"1,0166082303",1,"0,00%","1,0000%"
03/1975,"415,2",-,7536,7536,FALSE,-,-,1,"0,000001","1,0187874387",1,"1,0187874387",1,"1,0187874387",1,-,-,"1,0187874387",1,"0,00%","1,0000%"
04/1975,"415,2",-,7536,7536,FALSE,-,-,1,"0,000001","1,0199554566",1,"1,0199554566",1,"1,0199554566",1,-,-,"1,0199554566",1,"0,00%","1,0000%"
05/1975,"532,8",-,10020,10400,FALSE,-,-,1,"0,000001","1,0230587824",1,"1,0230587824",1,"1,0230587824",1,-,-,"1,0230587824",1,"0,00%","1,0000%"
06/1975,"532,8",-,10020,10400,FALSE,-,-,1,"0,000001","1,018270298",1,"1,018270298",1,"1,018270298",1,-,-,"1,018270298",1,"0,00%","1,0000%"
07/1975,"532,8",-,10020,10400,FALSE,-,-,1,"0,000001","1,0171040496",1,"1,0171040496",1,"1,0171040496",1,-,-,"1,0171040496",1,"0,00%","1,0000%"
08/1975,"532,8",-,10020,10400,FALSE,-,-,1,"0,000001","1,0155799192",1,"1,0155799192",1,"1,0155799192",1,-,-,"1,0155799192",1,"0,00%","1,0000%"
09/1975,"532,8",-,10020,10400,FALSE,-,-,1,"0,000001","1,0202922078",1,"1,0202922078",1,"1,0202922078",1,-,-,"1,0202922078",1,"0,00%","1,0000%"
10/1975,"532,8",-,10020,10400,FALSE,-,-,1,"0,000001","1,0217183771",1,"1,0217183771",1,"1,0217183771",1,-,-,"1,0217183771",1,"0,00%","1,0000%"
11/1975,"532,8",-,10020,10400,FALSE,-,-,1,"0,000001","1,0194658569",1,"1,0194658569",1,"1,0194658569",1,-,-,"1,0194658569",1,"0,00%","1,0000%"
12/1975,"532,8",-,10020,10400,FALSE,-,-,1,"0,000001","1,0184067823",1,"1,0184067823",1,"1,0184067823",1,-,-,"1,0184067823",1,"0,00%","1,0000%"
01/1976,"532,8",-,10020,10400,FALSE,-,-,1,"0,000001","1,01919904",1,"1,01919904",1,"1,01919904",1,-,-,"1,01919904",1,"0,00%","1,0000%"
02/1976,"532,8",-,10020,10400,FALSE,-,-,1,"0,000001","1,0223693893",1,"1,0223693893",1,"1,0223693893",1,-,-,"1,0223693893",1,"0,00%","1,0000%"
03/1976,"532,8",-,10020,10400,FALSE,-,-,1,"0,000001","1,0237512595",1,"1,0237512595",1,"1,0237512595",1,-,-,"1,0237512595",1,"0,00%","1,0000%"
04/1976,"532,8",-,10020,10400,FALSE,-,-,1,"0,000001","1,0252390326",1,"1,0252390326",1,"1,0252390326",1,-,-,"1,0252390326",1,"0,00%","1,0000%"
05/1976,768,-,12766,14872,FALSE,-,-,1,"0,000001","1,0297606802",1,"1,0297606802",1,"1,0297606802",1,-,-,"1,0297606802",1,"0,00%","1,0000%"
06/1976,768,-,14872,14872,FALSE,-,-,1,"0,000001","1,0294999001",1,"1,0294999001",1,"1,0294999001",1,-,-,"1,0294999001",1,"0,00%","1,0000%"
07/1976,768,-,14872,14872,FALSE,-,-,1,"0,000001","1,025549806",1,"1,025549806",1,"1,025549806",1,-,-,"1,025549806",1,"0,00%","1,0000%"
08/1976,768,-,14872,14872,FALSE,-,-,1,"0,000001","1,0278776411",1,"1,0278776411",1,"1,0278776411",1,-,-,"1,0278776411",1,"0,00%","1,0000%"
09/1976,768,-,14872,14872,FALSE,-,-,1,"0,000001","1,0328894889",1,"1,0328894889",1,"1,0328894889",1,-,-,"1,0328894889",1,"0,00%","1,0000%"
10/1976,768,-,14872,14872,FALSE,-,-,1,"0,000001","1,03606012",1,"1,03606012",1,"1,03606012",1,-,-,"1,03606012",1,"0,00%","1,0000%"
11/1976,768,-,14872,14872,FALSE,-,-,1,"0,000001","1,0302752294",1,"1,0302752294",1,"1,0302752294",1,-,-,"1,0302752294",1,"0,00%","1,0000%"
12/1976,768,-,14872,14872,FALSE,-,-,1,"0,000001","1,0220948353",1,"1,0220948353",1,"1,0220948353",1,-,-,"1,0220948353",1,"0,00%","1,0000%"
01/1977,768,-,14872,14872,FALSE,-,-,1,"0,000001","1,0173155459",1,"1,0173155459",1,"1,0173155459",1,-,-,"1,0173155459",1,"0,00%","1,0000%"
02/1977,768,-,14872,14872,FALSE,-,-,1,"0,000001","1,0196970508",1,"1,0196970508",1,"1,0196970508",1,-,-,"1,0196970508",1,"0,00%","1,0000%"
03/1977,768,-,14872,14872,FALSE,-,-,1,"0,000001","1,022675975",1,"1,022675975",1,"1,022675975",1,-,-,"1,022675975",1,"0,00%","1,0000%"
04/1977,768,-,14872,14872,FALSE,-,-,1,"0,000001","1,0288456603",1,"1,0288456603",1,"1,0288456603",1,-,-,"1,0288456603",1,"0,00%","1,0000%"
05/1977,"1106,4",-,20820,20820,FALSE,-,-,1,"0,000001","1,0321776004",1,"1,0321776004",1,"1,0321776004",1,-,-,"1,0321776004",1,"0,00%","1,0000%"
06/1977,"1106,4",-,20820,20820,FALSE,-,-,1,"0,000001","1,0333494442",1,"1,0333494442",1,"1,0333494442",1,-,-,"1,0333494442",1,"0,00%","1,0000%"
07/1977,"1106,4",-,20820,20820,FALSE,-,-,1,"0,000001","1,026707203",1,"1,026707203",1,"1,026707203",1,-,-,"1,026707203",1,"0,00%","1,0000%"
08/1977,"1106,4",-,20820,20820,FALSE,-,-,1,"0,000001","1,020500205",1,"1,020500205",1,"1,020500205",1,-,-,"1,020500205",1,"0,00%","1,0000%"
09/1977,"1106,4",-,20820,20820,FALSE,-,-,1,"0,000001","1,0140172314",1,"1,0140172314",1,"1,0140172314",1,-,-,"1,0140172314",1,"0,00%","1,0000%"
10/1977,"1106,4",-,20820,20820,FALSE,-,-,1,"0,000001","1,0138674884",1,"1,0138674884",1,"1,0138674884",1,-,-,"1,0138674884",1,"0,00%","1,0000%"
11/1977,"1106,4",-,20820,20820,FALSE,-,-,1,"0,000001","1,0149370386",1,"1,0149370386",1,"1,0149370386",1,-,-,"1,0149370386",1,"0,00%","1,0000%"
12/1977,"1106,4",-,20820,20820,FALSE,-,-,1,"0,000001","1,0195944212",1,"1,0195944212",1,"1,0195944212",1,-,-,"1,0195944212",1,"0,00%","1,0000%"
01/1978,"1106,4",-,20820,20820,FALSE,-,-,1,"0,000001","1,0211060759",1,"1,0211060759",1,"1,0211060759",1,-,-,"1,0211060759",1,"0,00%","1,0000%"
02/1978,"1106,4",-,20820,20820,FALSE,-,-,1,"0,000001","1,0231764948",1,"1,0231764948",1,"1,0231764948",1,-,-,"1,0231764948",1,"0,00%","1,0000%"
03/1978,"1106,4",-,20820,20820,FALSE,-,-,1,"0,000001","1,025784168",1,"1,025784168",1,"1,025784168",1,-,-,"1,025784168",1,"0,00%","1,0000%"
04/1978,"1106,4",-,20820,20820,FALSE,-,-,1,"0,000001","1,0292079402",1,"1,0292079402",1,"1,0292079402",1,-,-,"1,0292079402",1,"0,00%","1,0000%"
05/1978,1560,-,28940,28940,FALSE,-,-,1,"0,000001","1,0304713356",1,"1,0304713356",1,"1,0304713356",1,-,-,"1,0304713356",1,"0,00%","1,0000%"
06/1978,1560,-,28940,28940,FALSE,-,-,1,"0,000001","1,0301240402",1,"1,0301240402",1,"1,0301240402",1,-,-,"1,0301240402",1,"0,00%","1,0000%"
07/1978,1560,-,28940,28940,FALSE,-,-,1,"0,000001","1,0306049312",1,"1,0306049312",1,"1,0306049312",1,-,-,"1,0306049312",1,"0,00%","1,0000%"
08/1978,1560,-,28940,28940,FALSE,-,-,1,"0,000001","1,0277835733",1,"1,0277835733",1,"1,0277835733",1,-,-,"1,0277835733",1,"0,00%","1,0000%"
09/1978,1560,-,28940,28940,FALSE,-,-,1,"0,000001","1,0261190243",1,"1,0261190243",1,"1,0261190243",1,-,-,"1,0261190243",1,"0,00%","1,0000%"
10/1978,1560,-,28940,28940,FALSE,-,-,1,"0,000001","1,0237396551",1,"1,0237396551",1,"1,0237396551",1,-,-,"1,0237396551",1,"0,00%","1,0000%"
11/1978,1560,-,28940,28940,FALSE,-,-,1,"0,000001","1,0256046894",1,"1,0256046894",1,"1,0256046894",1,-,-,"1,0256046894",1,"0,00%","1,0000%"
12/1978,1560,-,28940,28940,FALSE,-,-,1,"0,000001","1,0263157895",1,"1,0263157895",1,"1,0263157895",1,-,-,"1,0263157895",1,"0,00%","1,0000%"
01/1979,1560,-,28940,28940,FALSE,-,-,1,"0,000001","1,0225812374",1,"1,0225812374",1,"1,0225812374",1,-,-,"1,0225812374",1,"0,00%","1,0000%"
02/1979,1560,-,28940,28940,FALSE,-,-,1,"0,000001","1,0232495512",1,"1,0232495512",1,"1,0232495512",1,-,-,"1,0232495512",1,"0,00%","1,0000%"
03/1979,1560,-,28940,28940,FALSE,-,-,1,"0,000001","1,0249729508",1,"1,0249729508",1,"1,0249729508",1,-,-,"1,0249729508",1,"0,00%","1,0000%"
04/1979,1560,-,28940,28940,FALSE,-,-,1,"0,000001","1,0374597016",1,"1,0374597016",1,"1,0345",1,-,-,"1,0374597016",1,"0,00%","1,0000%"
05/1979,2268,-,41674,41674,FALSE,-,-,1,"0,000001","1,0382246178",1,"1,0382246178",1,"1,0176",1,-,-,"1,0382246178",1,"0,00%","1,0000%"
06/1979,2268,-,41674,41674,FALSE,-,-,1,"0,000001","1,0332679981",1,"1,0332679981",1,"1,03",1,-,-,"1,0332679981",1,"0,00%","1,0000%"
07/1979,2268,-,41674,41674,FALSE,-,-,1,"0,000001","1,0271981543",1,"1,0271981543",1,"1,0536",1,-,-,"1,0271981543",1,"0,00%","1,0000%"
08/1979,2268,-,41674,41674,FALSE,-,-,1,"0,000001","1,0287739263",1,"1,0287739263",1,"1,0579",1,-,-,"1,0287739263",1,"0,00%","1,0000%"
09/1979,2268,-,41674,41674,FALSE,-,-,1,"0,000001","1,0401707743",1,"1,0401707743",1,"1,0661",1,-,-,"1,0401707743",1,"0,00%","1,0000%"
10/1979,2268,-,41674,41674,FALSE,-,-,1,"0,000001","1,0458722015",1,"1,0458722015",1,"1,0506",1,-,-,"1,0458722015",1,"0,00%","1,0000%"
11/1979,"2932,8",-,51929,51929,FALSE,-,-,1,"0,000001","1,0451312239",1,"1,0451312239",1,"1,061",1,-,-,"1,0451312239",1,"0,00%","1,0000%"
12/1979,"2932,8",-,51929,51929,FALSE,-,-,1,"0,000001","1,0407928143",1,"1,0407928143",1,"1,0451",1,-,-,"1,0407928143",1,"0,00%","1,0000%"
01/1980,"2932,8",-,51930,51930,FALSE,-,-,1,"0,000001","1,0420228358",1,"1,0420228358",1,"1,0656",1,"1,0662",-,"1,0420228358",1,"0,00%","1,0000%"
02/1980,"2932,8",-,51930,51930,FALSE,-,-,1,"0,000001","1,0370035213",1,"1,0370035213",1,"1,0415",1,"1,0462",-,"1,0370035213",1,"0,00%","1,0000%"
03/1980,"2932,8",-,51930,51930,FALSE,-,-,1,"0,000001","1,0369920704",1,"1,0369920704",1,"1,0512",1,"1,0604",-,"1,0369920704",1,"0,00%","1,0000%"
04/1980,"2932,8",-,51930,51930,FALSE,-,-,1,"0,000001","1,0369896092",1,"1,0369896092",1,"1,0485",1,"1,0529",-,"1,0369896092",1,"0,00%","1,0000%"
05/1980,"4149,6",-,70136,70136,FALSE,-,-,1,"0,000001","1,0339942843",1,"1,0339942843",1,"1,0553",1,"1,057",-,"1,0339942843",1,"0,00%","1,0000%"
06/1980,"4149,6",-,70136,70136,FALSE,-,-,1,"0,000001","1,0320065514",1,"1,0320065514",1,"1,0552",1,"1,0531",-,"1,0320065514",1,"0,00%","1,0000%"
07/1980,"4149,6",-,70136,70136,FALSE,-,-,1,"0,000001","1,0320058192",1,"1,0320058192",1,"1,0551",1,"1,0555",-,"1,0320058192",1,"0,00%","1,0000%"
08/1980,"4149,6",-,70136,70136,FALSE,-,-,1,"0,000001","1,0320064077",1,"1,0320064077",1,"1,0515",1,"1,0495",-,"1,0320064077",1,"0,00%","1,0000%"
09/1980,"4149,6",-,70136,70136,FALSE,-,-,1,"0,000001","1,0300048119",1,"1,0300048119",1,"1,0445",1,"1,0423",-,"1,0300048119",1,"0,00%","1,0000%"
10/1980,"4149,6",-,70136,70136,FALSE,-,-,1,"0,000001","1,0319940925",1,"1,0319940925",1,"1,0965",1,"1,0948",-,"1,0319940925",1,"0,00%","1,0000%"
11/1980,"5788,8",-,93706,93706,FALSE,-,-,1,"0,000001","1,0319952102",1,"1,0319952102",1,"1,0803",1,"1,0667",-,"1,0319952102",1,"0,00%","1,0000%"
12/1980,"5788,8",-,93706,93706,FALSE,-,-,1,"0,000001","1,0449978775",1,"1,0449978775",1,"1,068",1,"1,0661",-,"1,0449978775",1,"0,00%","1,0000%"
01/1981,"5788,8",-,93706,93706,FALSE,-,-,1,"0,000001","1,0500067705",1,"1,0500067705",1,"1,0621",1,"1,0684",-,"1,0500067705",1,"0,00%","1,0000%"
02/1981,"5788,8",-,93706,93706,FALSE,-,-,1,"0,000001","1,0649961957",1,"1,0649961957",1,"1,0605",1,"1,064",-,"1,0649961957",1,"0,00%","1,0000%"
03/1981,"5788,8",-,93706,93706,FALSE,-,-,1,"0,000001","1,0630032815",1,"1,0630032815",1,"1,0535",1,"1,0497",-,"1,0630032815",1,"0,00%","1,0000%"
04/1981,"5788,8",-,93706,93706,FALSE,-,-,1,"0,000001","1,0599981774",1,"1,0599981774",1,"1,0654",1,"1,0646",-,"1,0599981774",1,"0,00%","1,0000%"
05/1981,"8464,8",-,133540,133540,FALSE,-,-,1,"0,000001","1,0599980656",1,"1,0599980656",1,"1,0551",1,"1,0556",-,"1,0599980656",1,"0,00%","1,0000%"
06/1981,"8464,8",-,133540,133540,FALSE,-,-,1,"0,000001","1,0599983779",1,"1,0599983779",1,"1,0507",1,"1,0552",-,"1,0599983779",1,"0,00%","1,0000%"
07/1981,"8464,8",-,133540,133540,FALSE,-,-,1,"0,000001","1,0599977045",1,"1,0599977045",1,"1,062",1,"1,0626",-,"1,0599977045",1,"0,00%","1,0000%"
08/1981,"8464,8",-,133540,133540,FALSE,-,-,1,"0,000001","1,0580003068",1,"1,0580003068",1,"1,0612",1,"1,055",-,"1,0580003068",1,"0,00%","1,0000%"
09/1981,"8464,8",-,133540,133540,FALSE,-,-,1,"0,000001","1,0570039657",1,"1,0570039657",1,"1,0528",1,"1,0526",-,"1,0570039657",1,"0,00%","1,0000%"
10/1981,"8464,8",-,133540,133540,FALSE,-,-,1,"0,000001","1,0570038487",1,"1,0570038487",1,"1,0462",1,"1,0508",-,"1,0570038487",1,"0,00%","1,0000%"
11/1981,11928,-,184390,184390,FALSE,-,-,1,"0,000001","1,0549983207",1,"1,0549983207",1,"1,0523",1,"1,0527",-,"1,0549983207",1,"0,00%","1,0000%"
12/1981,11928,-,238560,184390,FALSE,-,-,1,"0,000001","1,0520009551",1,"1,0520009551",1,"1,0569",1,"1,0593",-,"1,0520009551",1,"0,00%","1,0000%"
01/1982,11928,-,238560,184390,FALSE,-,-,1,"0,000001","1,0500013756",1,"1,0500013756",1,"1,0671",1,"1,0697",-,"1,0500013756",1,"0,00%","1,0000%"
02/1982,11928,-,238560,184390,FALSE,-,-,1,"0,000001","1,0499980349",1,"1,0499980349",1,"1,0658",1,"1,0664",-,"1,0499980349",1,"0,00%","1,0000%"
03/1982,11928,-,238560,184390,FALSE,-,-,1,"0,000001","1,0500003119",1,"1,0500003119",1,"1,0524",1,"1,0571",-,"1,0500003119",1,"0,00%","1,0000%"
04/1982,11928,-,238560,184390,FALSE,-,-,1,"0,000001","1,0549983959",1,"1,0549983959",1,"1,0565",1,"1,0589",-,"1,0549983959",1,"0,00%","1,0000%"
05/1982,16608,-,332160,282900,FALSE,-,-,1,"0,000001","1,0549977192",1,"1,0549977192",1,"1,0666",1,"1,0666",-,"1,0549977192",1,"0,00%","1,0000%"
06/1982,16608,-,332160,282900,FALSE,-,-,1,"0,000001","1,0550024822",1,"1,0550024822",1,"1,0714",1,"1,071",-,"1,0550024822",1,"0,00%","1,0000%"
07/1982,16608,-,332160,282900,FALSE,-,-,1,"0,000001","1,0599976725",1,"1,0599976725",1,"1,0639",1,"1,0636",-,"1,0599976725",1,"0,00%","1,0000%"
08/1982,16608,-,332160,282900,FALSE,-,-,1,"0,000001","1,0700003341",1,"1,0700003341",1,"1,0557",1,"1,0597",-,"1,0700003341",1,"0,00%","1,0000%"
09/1982,16608,-,332160,282900,FALSE,-,-,1,"0,000001","1,0699978587",1,"1,0699978587",1,"1,043",1,"1,0508",-,"1,0699978587",1,"0,00%","1,0000%"
10/1982,16608,-,332160,282900,FALSE,-,-,1,"0,000001","1,0700006254",1,"1,0700006254",1,"1,0391",1,"1,0444",-,"1,0700006254",1,"0,00%","1,0000%"
11/1982,23568,-,471360,401152,FALSE,-,-,1,"0,000001","1,0650002922",1,"1,0650002922",1,"1,0526",1,"1,0529",-,"1,0650002922",1,"0,00%","1,0000%"
12/1982,23568,-,471360,401152,FALSE,-,-,1,"0,000001","1,0649990671",1,"1,0649990671",1,"1,0819",1,"1,0781",-,"1,0649990671",1,"0,00%","1,0000%"
01/1983,23568,-,471360,401152,FALSE,-,-,1,"0,000001","1,0600014428",1,"1,0600014428",1,"1,0914",1,"1,0864",-,"1,0600014428",1,"0,00%","1,0000%"
02/1983,23568,-,471360,401152,FALSE,-,-,1,"0,000001","1,0669985319",1,"1,0669985319",1,"1,0804",1,"1,0786",-,"1,0669985319",1,"0,00%","1,0000%"
03/1983,23568,-,471360,401152,FALSE,-,-,1,"0,000001","1,0900003645",1,"1,0900003645",1,"1,0722",1,"1,0734",-,"1,0900003645",1,"0,00%","1,0000%"
04/1983,23568,-,471360,401152,FALSE,-,-,1,"0,000001","1,0900009196",1,"1,0900009196",1,"1,0657",1,"1,0658",-,"1,0900009196",1,"0,00%","1,0000%"
05/1983,34776,-,695520,591699,FALSE,-,-,1,"0,000001","1,0800003068",1,"1,0800003068",1,"1,0671",1,"1,0648",-,"1,0800003068",1,"0,00%","1,0000%"
06/1983,34776,-,695520,591699,FALSE,-,-,1,"0,000001","1,0779990247",1,"1,0779990247",1,"1,1083",1,"1,0988",-,"1,0779990247",1,"0,00%","1,0000%"
07/1983,34776,-,695520,591699,FALSE,-,-,1,"0,000001","1,0899990119",1,"1,0899990119",1,"1,1143",1,"1,1008",-,"1,0899990119",1,"0,00%","1,0000%"
08/1983,34776,-,695520,591699,FALSE,-,-,1,"0,000001","1,0849995266",1,"1,0849995266",1,"1,0985",1,"1,0911",-,"1,0849995266",1,"0,00%","1,0000%"
09/1983,34776,-,695520,591699,FALSE,-,-,1,"0,000001","1,0949991088",1,"1,0949991088",1,"1,1127",1,"1,103",-,"1,0949991088",1,"0,00%","1,0000%"
10/1983,34776,-,695520,591699,FALSE,-,-,1,"0,000001","1,0970005884",1,"1,0970005884",1,"1,101",1,"1,0887",-,"1,0970005884",1,"0,00%","1,0000%"
11/1983,57120,-,1142400,971570,FALSE,-,-,1,"0,000001","1,0839996599",1,"1,0839996599",1,"1,0737",1,"1,0738",-,"1,0839996599",1,"0,00%","1,0000%"
12/1983,57120,-,1142400,971570,FALSE,-,-,1,"0,000001","1,0760003936",1,"1,0760003936",1,"1,0834",1,"1,0868",-,"1,0760003936",1,"0,00%","1,0000%"
01/1984,57120,-,1142400,971570,FALSE,-,-,1,"0,000001","1,0980005248",1,"1,0980005248",1,"1,0939",1,"1,0967",-,"1,0980005248",1,"0,00%","1,0000%"
02/1984,57120,-,1142400,971570,FALSE,-,-,1,"0,000001","1,1230005709",1,"1,1230005709",1,"1,0974",1,"1,095",-,"1,1230005709",1,"0,00%","1,0000%"
03/1984,57120,-,1142400,971570,FALSE,-,-,1,"0,000001","1,0999998925",1,"1,0999998925",1,"1,0983",1,"1,0894",-,"1,0999998925",1,"0,00%","1,0000%"
04/1984,57120,-,1142400,971570,FALSE,-,-,1,"0,000001","1,0889998798",1,"1,0889998798",1,"1,0952",1,"1,0954",-,"1,0889998798",1,"0,00%","1,0000%"
05/1984,97176,-,1943520,1652640,FALSE,-,-,1,"0,000001","1,088999721",1,"1,088999721",1,"1,0871",1,"1,0905",-,"1,088999721",1,"0,00%","1,0000%"
06/1984,97176,-,1943520,1652640,FALSE,-,-,1,"0,000001","1,0919996573",1,"1,0919996573",1,"1,0996",1,"1,1008",-,"1,0919996573",1,"0,00%","1,0000%"
07/1984,97176,-,1943520,1652640,FALSE,-,-,1,"0,000001","1,1029999238",1,"1,1029999238",1,"1,0911",1,"1,0972",-,"1,1029999238",1,"0,00%","1,0000%"
08/1984,97176,-,1943520,1652640,FALSE,-,-,1,"0,000001","1,106000041",1,"1,106000041",1,"1,0857",1,"1,0935",-,"1,106000041",1,"0,00%","1,0000%"
09/1984,97176,-,1943520,1652640,FALSE,-,-,1,"0,000001","1,1049740841",1,"1,1049740841",1,"1,111",1,"1,1175",-,"1,1049740841",1,"0,00%","1,0000%"
10/1984,97176,-,1943520,1652640,FALSE,-,-,1,"0,000001","1,1260261935",1,"1,1260261935",1,"1,1049",1,"1,1044",-,"1,1260261935",1,"0,00%","1,0000%"
11/1984,166560,-,3331200,2830980,FALSE,-,-,1,"0,000001","1,0989998862",1,"1,0989998862",1,"1,1033",1,"1,1053",-,"1,0989998862",1,"0,00%","1,0000%"
12/1984,166560,-,3331200,2830980,FALSE,-,-,1,"0,000001","1,1050000769",1,"1,1050000769",1,"1,1162",1,"1,1198",-,"1,1050000769",1,"0,00%","1,0000%"
01/1985,166560,-,3331200,2830980,FALSE,-,-,1,"0,000001","1,126000018",1,"1,126000018",1,"1,1184",1,"1,1176",-,"1,126000018",1,"0,00%","1,0000%"
02/1985,166560,-,3331200,2830980,FALSE,-,-,1,"0,000001","1,1019999637",1,"1,1019999637",1,"1,1095",1,"1,1087",-,"1,1019999637",1,"0,00%","1,0000%"
03/1985,166560,-,3331200,2830980,FALSE,-,-,1,"0,000001","1,1269998552",1,"1,1269998552",1,"1,0994",1,"1,1016",-,"1,1269998552",1,"0,00%","1,0000%"
04/1985,166560,-,3331200,2830980,FALSE,-,-,1,"0,000001","1,1182930081",1,"1,1182930081",1,"1,0858",1,"1,082",-,"1,1182930081",1,"0,00%","1,0000%"
05/1985,333120,-,6662400,5350560,FALSE,-,-,1,"0,000001","1,1000589922",1,"1,1000589922",1,"1,072",1,"1,072",-,"1,1000589922",1,"0,00%","1,0000%"
06/1985,333120,-,6662400,5350560,FALSE,-,-,1,"0,000001","1,0920819974",1,"1,0920819974",1,"1,0833",1,"1,0849",-,"1,0920819974",1,"0,00%","1,0000%"
07/1985,333120,-,6662400,5350560,FALSE,-,-,1,"0,000001","1,0761399689",1,"1,0761399689",1,"1,1008",1,"1,1031",-,"1,0761399689",1,"0,00%","1,0000%"
08/1985,333120,-,6662400,5350560,FALSE,-,-,1,"0,000001","1,081797069",1,"1,081797069",1,"1,1161",1,"1,1205",-,"1,081797069",1,"0,00%","1,0000%"
09/1985,333120,-,6662400,5350560,FALSE,-,-,1,"0,000001","1,0909999364",1,"1,0909999364",1,"1,1009",1,"1,1112",-,"1,0909999364",1,"0,00%","1,0000%"
10/1985,333120,-,6662400,5350560,FALSE,-,-,1,"0,000001","1,0900000343",1,"1,0900000343",1,"1,1025",1,"1,1062",-,"1,0900000343",1,"0,00%","1,0000%"
11/1985,600000,-,12000000,9112000,FALSE,-,-,1,"0,000001","1,1111999864",1,"1,1111999864",1,"1,1418",1,"1,1397",-,"1,1111999864",1,"0,00%","1,0000%"
12/1985,600000,-,12000000,9112000,FALSE,-,-,1,"0,000001","1,1336000522",1,"1,1336000522",1,"1,1575",1,"1,1507",-,"1,1336000522",1,"0,00%","1,0000%"
01/1986,600000,-,12000000,9112000,FALSE,-,-,1,"0,000001","1,1623000597",1,"1,1623000597",1,"1,1501",1,"1,1437",-,"1,1623000597",1,"0,00%","1,0000%"
02/1986,600000,-,12000000,9112000,FALSE,-,-,"0,001","0,000001","0,0011436015",1,"0,0011436015",1,"1,1246",1,"1,1272",-,"0,0011436015",1,"0,00%","1,0000%"
03/1986,804,-,"16080,2",12220,FALSE,-,-,1,"0,000001",1,1,1,1,"1,0318",1,"1,0477",-,1,1,"0,00%","1,0000%"
04/1986,804,-,"16080,2",12220,FALSE,-,-,1,"0,000001",1,1,1,1,"1,0043",1,"1,0078",-,1,1,"0,00%","1,0000%"
05/1986,804,-,"16080,2",12220,FALSE,-,-,1,"0,000001",1,1,1,1,"1,0108",1,"1,014",-,1,1,"0,00%","1,0000%"
06/1986,804,-,"16080,2",12220,FALSE,-,-,1,"0,000001",1,1,1,1,"1,0097",1,"1,0127",-,1,1,"0,00%","1,0000%"
07/1986,804,-,"16080,2",12220,FALSE,-,-,1,"0,000001",1,1,1,1,"1,0091",1,"1,0171",-,1,1,"0,00%","1,0000%"
08/1986,804,-,"16080,2",12220,FALSE,-,-,1,"0,000001",1,1,1,1,"1,0143",1,"1,0355",-,1,1,"2,57%","1,0000%"
09/1986,804,-,"16080,2",12220,FALSE,-,-,1,"0,000001",1,1,1,1,"1,0119",1,"1,0172",-,1,1,"2,94%","1,0000%"
10/1986,804,-,"16080,2",12220,FALSE,-,-,1,"0,000001",1,1,1,1,"1,0143",1,"1,019",-,1,1,"1,96%","1,0000%"
11/1986,804,-,"16080,2",12220,FALSE,-,-,1,"0,000001",1,1,1,1,"1,0329",1,"1,0545",-,1,1,"2,37%","1,0000%"
12/1986,804,-,"16080,2",12220,FALSE,-,-,1,"0,000001",1,1,1,1,"1,0727",1,"1,1165",-,1,1,"5,47%","1,0000%"
01/1987,"964,8",-,19296,14664,FALSE,-,-,1,"0,000001",1,1,1,1,"1,1682",1,"1,1321",-,1,1,"11,00%","1,0000%"
02/1987,"964,8",-,19296,14664,FALSE,-,-,1,"0,000001","1,7068609023",1,"1,7068609023",1,"1,1394",1,"1,1264",-,"1,7068609023",1,"19,61%","1,0000%"
03/1987,1368,-,27360,20800,FALSE,-,-,1,"0,000001","1,1451461924",1,"1,1451461924",1,"1,144",1,"1,1637",-,"1,1451461924",1,"11,95%","1,0000%"
04/1987,1368,-,27360,20800,FALSE,-,-,1,"0,000001","1,2095975381",1,"1,2095975381",1,"1,2096",1,"1,191",-,"1,2095975381",1,"15,30%","1,0000%"
05/1987,"1641,6",-,32832,24960,FALSE,-,-,1,"0,000001","1,2344172364",1,"1,2344172364",1,"1,2314",1,"1,2145",-,"1,2344172364",1,"24,63%","1,0000%"
06/1987,"1969,92",-,"39398,4",29960,FALSE,-,-,1,"0,000001","1,1802080314",1,"1,1802080314",1,"1,213",1,"1,1971",-,"1,1802080314",1,"18,02%","1,0000%"
07/1987,"1969,92",-,"39398,4",29960,FALSE,-,-,1,"0,000001","1,0305056072",1,"1,0305056072",1,"1,0993",1,"1,0921",-,"1,0305056072",1,"8,91%","1,0000%"
08/1987,1970,"1969,92","39398,4",29960,FALSE,-,-,1,"0,000001","1,0636004978",1,"1,0636004978",1,"1,0509",1,"1,0487",-,"1,0636004978",1,"8,09%","1,0000%"
09/1987,2400,"2062,31","41246,2",31370,FALSE,-,-,1,"0,000001","1,0568099778",1,"1,0568099778",1,"1,0715",1,"1,0778",-,"1,0568099778",1,"7,99%","1,0000%"
10/1987,2640,"2159,03","43180,6",32850,FALSE,-,-,1,"0,000001","1,0917999576",1,"1,0917999576",1,"1,1088",1,"1,1122",-,"1,0917999576",1,"9,45%","1,0000%"
11/1987,3000,"2260,29","45205,8",34400,FALSE,-,-,1,"0,000001","1,1283982049",1,"1,1283982049",1,"1,1493",1,"1,1508",-,"1,1283982049",1,"12,92%","1,0000%"
12/1987,3600,2550,51000,38820,FALSE,-,-,1,"0,000001","1,1413984971",1,"1,1413984971",1,"1,1397",1,"1,1415",-,"1,1413984971",1,"14,38%","1,0000%"
01/1988,4500,3060,61200,46600,FALSE,-,-,1,"0,000001","1,1651087211",1,"1,1651087211",1,"1,1897",1,"1,1889",-,"1,1651087211",1,"16,78%","1,0000%"
02/1988,5280,3600,72000,54800,FALSE,-,-,1,"0,000001","1,1796117901",1,"1,1796117901",1,"1,1581",1,"1,157",-,"1,1796117901",1,"18,35%","1,0000%"
03/1988,6240,4248,84960,64660,FALSE,-,-,1,"0,000001","1,1601009239",1,"1,1601009239",1,"1,1809",1,"1,176",-,"1,1601009239",1,"16,59%","1,0000%"
04/1988,7260,4932,98640,75080,FALSE,-,-,1,"0,000001","1,1927986804",1,"1,1927986804",1,"1,1833",1,"1,1929",-,"1,1927986804",1,"20,25%","1,0000%"
05/1988,8712,5918,118360,90100,FALSE,-,-,1,"0,000001","1,1777991139",1,"1,1777991139",1,"1,1824",1,"1,1742",-,"1,1777991139",1,"18,65%","1,0000%"
06/1988,10368,6984,139680,106340,FALSE,-,-,1,"0,000001","1,195300347",1,"1,195300347",1,"1,2228",1,"1,22",-,"1,195300347",1,"20,17%","1,0000%"
07/1988,12444,8376,167520,127540,FALSE,-,-,1,"0,000001","1,2403989338",1,"1,2403989338",1,"1,2302",1,"1,2191",-,"1,2403989338",1,"24,69%","1,0000%"
08/1988,15552,10464,209280,159340,FALSE,-,-,1,"0,000001","1,2065998144",1,"1,2065998144",1,"1,2063",1,"1,2159",-,"1,2065998144",1,"22,63%","1,0000%"
09/1988,18960,12702,254040,193420,FALSE,-,-,1,"0,000001","1,2400984925",1,"1,2400984925",1,"1,2693",1,"1,2745",-,"1,2400984925",1,"26,25%","1,0000%"
10/1988,23700,15756,315120,239920,TRUE,-,"0,266899",1,"0,000001","1,2724995702",1,"1,2724995702",1,"1,2669",1,"1,2562",-,"1,2724995702",1,"29,79%","1,0000%"
11/1988,30800,20476,409520,311800,TRUE,"0,266899","0,2815",1,"0,000001","1,269200711",1,"1,269200711",1,"1,2815",1,"1,2794",-,"1,269200711",1,"28,41%","1,0000%"
12/1988,40425,25595,511900,389760,TRUE,"0,2815","0,284301","0,001","0,000001","1,287900578",1,"1,287900578",1,"1,2843",1,"1,287",-,"1,287900578",1,"30,24%","1,0000%"
01/1989,"54,37","31,86","637,32","485,26",TRUE,"0,284301","0,354799",1,"0,001","1,4272",1,"1,4272",1,"1,3548",1,"1,3749",-,"1,4272",1,"22,97%","1,0000%"
02/1989,"63,9","36,74","734,8","559,42",TRUE,"(0,99864520)","0,331458",1,"0,001","1,1014",1,"1,1014",1,"1,1635",1,"1,1678",-,"1,1014",1,"18,95%","1,0000%"
03/1989,"63,9","36,74","734,8","559,42",FALSE,-,"0,144355",1,"0,001","1,0609073359",1,"1,0609073359",1,"1,059",1,"1,0682",-,"1,0609073359",1,"20,41%","1,0000%"
04/1989,"63,9","36,74","734,8","559,42",FALSE,-,"0,0806",1,"0,001","1,0730597762",1,"1,0730597762",1,"1,0806",1,"1,0833",-,"1,0730597762",1,"11,52%","1,0000%"
05/1989,"81,4","46,8",936,720,TRUE,"0,331458","0,1667",1,"0,001","1,0993725623",1,"1,0993725623",1,"1,1667",1,"1,1792",-,"1,0993725623",1,"11,43%","1,0000%"
06/1989,120,-,936,720,TRUE,"0,1667","0,294",1,"0,001","1,2483418171",1,"1,2483418171",1,"1,294",1,"1,2865",-,"1,2483418171",1,"27,29%","1,0000%"
07/1989,"149,8",-,1500,1500,TRUE,"0,294","0,274",1,"0,001","1,2875942172",1,"1,2875942172",1,"1,274",1,"1,2774",-,"1,2875942172",1,"33,15%","1,0000%"
08/1989,"192,88",-,"1931,4","1931,4",TRUE,"0,274","0,3318",1,"0,001","1,2934120244",1,"1,2934120244",1,"1,3318",1,"1,3371",-,"1,2934120244",1,"35,49%","1,0000%"
09/1989,"249,48",-,"2498,07","2498,07",TRUE,"0,3318","0,3635",1,"0,001","1,359511797",1,"1,359511797",1,"1,3635",1,"1,3756",-,"1,359511797",1,"38,58%","1,0000%"
10/1989,"381,73",-,"3396,13","3396,13",TRUE,"0,3635","0,3876",1,"0,001","1,3762108767",1,"1,3762108767",1,"1,3876",1,"1,3977",-,"1,3762108767",1,"47,70%","1,0000%"
11/1989,"557,33",-,"4673,75","4673,75",TRUE,"0,3876","0,4847",1,"0,001","1,4142047032",1,"1,4142047032",1,"1,4847",1,"1,4782",-,"1,4142047032",1,"48,41%","1,0000%"
12/1989,"788,18",-,"6609,62","6609,62",TRUE,"0,4847","0,5128",1,"0,001","1,535499972",1,"1,535499972",1,"1,5128",1,"1,515",-,"1,535499972",1,"64,21%","1,0000%"
01/1990,"1283,95",-,"10149,07","10149,07",TRUE,"0,5128","0,6819",1,"0,001","1,5610949798",1,"1,5610949798",1,"1,6819",1,"1,6755",-,"1,5610949798",1,"67,60%","1,0000%"
02/1990,"2004,37",-,"15843,71","15843,71",TRUE,"0,6819","0,7399",1,"0,001","1,7278028637",1,"1,7278028637",1,"1,7399",1,"1,7573",-,"1,7278028637",1,"82,04%","1,0000%"
03/1990,"3674,06",-,"27374,76","27374,76",TRUE,"0,7399","1,241768",1,"0,001","1,8432",1,"1,8432",1,"1,8218",1,"1,8239",-,"1,8432",1,"36,76%","1,0000%"
04/1990,"3674,06",-,"27374,76","27374,76",FALSE,-,"0,230524",1,"0,001","1,448",1,"1,448",1,"1,1467",1,"1,1552",-,"1,448",1,"4,23%","1,0000%"
05/1990,"3674,06",-,"27374,76","27374,76",FALSE,-,"0,0731",1,"0,001","1,0787",1,"1,0787",1,"1,0731",1,"1,0759",-,"1,0787",1,"5,69%","1,0000%"
06/1990,"3857,76",-,"28847,52","28847,52",TRUE,"1,241768","0,1164",1,"0,001","1,0955",1,"1,0955",1,"1,1164",1,"1,1175",-,"1,0955",1,"8,73%","1,0000%"
07/1990,"4904,76",-,"36676,74","36676,74",TRUE,"0,1164","0,1262",1,"0,001","1,1292",1,"1,1292",1,"1,1262",1,"1,1292",-,"1,1292",1,"13,79%","1,0000%"
08/1990,"5203,46",-,"38910,35","38910,35",TRUE,"0,1262","0,1218",1,"0,001","1,1203",1,"1,1203",1,"1,1218",1,"1,1288",-,"1,1203",1,"11,53%","1,0000%"
09/1990,"6056,31",-,"45287,76","45287,76",TRUE,"0,1218","0,1426",1,"0,001","1,1276",1,"1,1276",1,"1,1426",1,"1,1441",-,"1,1276",1,"15,21%","1,0000%"
10/1990,"6425,14",-,"48045,78","48045,78",TRUE,"0,1426","0,1443",1,"0,001","1,142",1,"1,142",1,"1,1443",1,"1,1436",-,"1,142",1,"16,49%","1,0000%"
11/1990,"8329,55",-,"62286,55","62286,55",TRUE,"0,1443","0,1692",1,"0,001","1,1558",1,"1,1558",1,"1,1692",1,"1,1681",-,"1,1558",1,"19,83%","1,0000%"
12/1990,"8836,82",-,"66079,8","66079,8",TRUE,"0,1692","0,1914",1,"0,001","1,183",1,"1,183",1,"1,1914",1,"1,1844",-,"1,183",1,"22,86%","1,0000%"
01/1991,"12325,6",-,"92168,11","92168,11",TRUE,"0,1914","0,2095",1,"0,001","1,1991",1,"1,1991",1,"1,2095",1,"1,2075",-,"1,1991",1,"21,02%","1,0000%"
02/1991,"15895,46",-,"118859,99","118859,99",TRUE,"0,2095","0,201984",1,"0,001","1,2187",1,"1,2187",1,"1,202",1,"1,2072",-,"1,2187",1,"6,85%","1,0000%"
03/1991,17000,-,"127120,76","127120,76",TRUE,"0,201984","1,4706",1,"0,001","1,1179",1,"1,1179",1,"1,1179",1,"1,1192",-,"1,1179",1,"8,99%","1,0000%"
04/1991,17000,-,"127120,76","127120,76",FALSE,-,"1,1249",1,"0,001","1,0501",1,"1,0501",1,"1,0501",1,"1,0499",-,"1,0501",1,"9,67%","1,0000%"
05/1991,17000,-,"127120,76","127120,76",FALSE,-,"0,8275",1,"0,001","1,0668",1,"1,0668",1,"1,0668",1,"1,0743",-,"1,0668",1,"9,56%","1,0000%"
06/1991,17000,-,"127120,76","127120,76",FALSE,-,"0,5718",1,"0,001","1,1083",1,"1,1083",1,"1,1083",1,"1,1119",-,"1,1083",1,"10,32%","1,0000%"
07/1991,17000,-,"127120,76","127120,76",FALSE,-,"0,3519",1,"0,001","1,1214",1,"1,1214",1,"1,1214",1,"1,1241",-,"1,1214",1,"12,39%","1,0000%"
08/1991,17000,-,170000,170000,FALSE,-,"0,1627",1,"0,001","1,1562",1,"1,1562",1,"1,1562",1,"1,1563",-,"1,1562",1,"15,75%","1,0000%"
09/1991,42000,-,420002,420000,TRUE,"1,4706","1,198234",1,"0,001","1,1562",1,"1,1562",1,"1,1562",1,"1,1563",-,"1,1562",1,"19,78%","1,0000%"
10/1991,42000,-,420002,420000,FALSE,-,"0,901258",1,"0,001","1,2108",1,"1,2108",1,"1,2108",1,"1,2023",-,"1,2108",1,"25,95%","1,0000%"
11/1991,42000,-,420002,420000,FALSE,-,"0,570249",1,"0,001","1,2648",1,"1,2648",1,"1,2648",1,"1,2521",-,"1,2648",1,"32,43%","1,0000%"
12/1991,42000,-,420002,420000,FALSE,-,"0,2415",1,"0,001","1,2415",1,"1,2415",1,"1,2415",1,"1,2371","1,2288","1,2288",1,"31,17%","1,0000%"
01/1992,"96037,33",-,"923262,76","923262,76",TRUE,"1,198234","1,303616",1,"0,001","1,2592",1,"1,2592",1,"1,2592",1,"1,2594","1,256","1,2560044217",1,"29,06%","1,0000%"
02/1992,"96037,33",-,"923262,76","923262,76",FALSE,-,"0,829428",1,"0,001","1,2448",1,"1,2448",1,"1,2448",1,"1,2432","1,261","1,2610046539",1,"28,76%","1,0000%"
03/1992,"96037,33",-,"923262,76","923262,76",FALSE,-,"0,469656",1,"0,001","1,2162",1,"1,2162",1,"1,2162",1,"1,214","1,2203","1,2202952498",1,"26,86%","1,0000%"
04/1992,"96037,33",-,"923262,76","923262,76",FALSE,-,"0,2084",1,"0,001","1,2084",1,"1,2084",1,"1,2084",1,"1,1993","1,1983","1,1982997678",1,"23,92%","1,0000%"
05/1992,230000,-,"2126842,49","2126842,49",TRUE,"1,303616","1,247869",1,"0,001","1,245",1,"1,245",1,"1,245",1,"1,2486","1,2345","1,2344969229",1,"23,00%","1,0000%"
06/1992,230000,-,"2126842,49","2126842,49",FALSE,-,"0,805517",1,"0,001","1,2085",1,"1,2085",1,"1,2085",1,"1,2021","1,2327","1,2326996866",1,"24,28%","1,0000%"
07/1992,230000,-,"2126842,49","2126842,49",FALSE,-,"0,494015",1,"0,001","1,2208",1,"1,2208",1,"1,2208",1,"1,2183","1,2101","1,2101003669",1,"26,21%","1,0000%"
08/1992,230000,-,"2126842,49","2126842,49",FALSE,-,"0,2238",1,"0,001","1,2238",1,"1,2238",1,"1,2238",1,"1,2214","1,2314","1,2313981755",1,"25,65%","1,0000%"
09/1992,"522186,94",-,"4780863,3","4780863,3",TRUE,"1,247869","1,412128",1,"0,001","1,2398",1,"1,2398",1,"1,2398",1,"1,2463","1,2333","1,2332999534",1,"27,66%","1,0000%"
10/1992,"522186,94",-,"4780863,3","4780863,3",FALSE,-,"0,945579",1,"0,001","1,2607",1,"1,2607",1,"1,2607",1,"1,2524","1,2548","1,2547993877",1,"28,18%","1,0000%"
11/1992,"522186,94",-,"4780863,3","4780863,3",FALSE,-,"0,543253",1,"0,001","1,2289",1,"1,2289",1,"1,2289",1,"1,2249","1,237","1,2369989964",1,"26,40%","1,0000%"
12/1992,"522186,94",-,"4780863,3","4780863,3",FALSE,-,"0,2558",1,"0,001","1,2558",1,"1,2558",1,"1,2558",1,"1,2524","1,2349","1,2349001674",1,"25,92%","1,0000%"
01/1993,1250700,-,"11532054,23","11532054,23",TRUE,"1,412128","0,917074",1,"0,001","1,2791",1,"1,2791",1,"1,2791",1,"1,3035","1,2947","1,2947002044",1,"28,52%","1,0000%"
02/1993,1250700,-,"11532054,23","11532054,23",FALSE,-,"0,498768",1,"0,001","1,2589",1,"1,2589",1,"1,2589",1,"1,2498","1,2672","1,2672003734",1,"28,90%","1,0000%"
03/1993,1709400,-,"15760858,52","15760858,52",TRUE,"0,3667","0,627108",1,"0,001","1,2687",1,"1,2687",1,"1,2687",1,"1,2726","1,2596","1,2596000776",1,"28,36%","1,0000%"
04/1993,1709400,-,"15760858,52","15760858,52",FALSE,-,"0,2825",1,"0,001","1,2825",1,"1,2825",1,"1,2825",1,"1,2775","1,2734","1,2734003767",1,"30,53%","1,0000%"
05/1993,3303300,-,"30214732,09","30214732,09",TRUE,"0,917074","0,707363",1,"0,001","1,2839",1,"1,2839",1,"1,2839",1,"1,2769","1,2861","1,2881000814",1,"30,90%","1,0000%"
06/1993,3303300,-,"30214732,09","30214732,09",FALSE,-,"0,329825",1,"0,001","1,3034",1,"1,3034",1,"1,3034",1,"1,3007","1,2761","1,3033998173",1,"31,91%","1,0000%"
07/1993,4639800,-,"42439310,55","42439310,55",TRUE,"0,40459","0,433067","0,001","0,001","1,2926",1,"1,2926",1,"1,2926",1,"1,3072","1,3067","0,0013065777",1,"32,73%","1,0000%"
08/1993,5534,-,"50613,12","50613,12",TRUE,"(0,99880740)","0,3222",1,1,"1,3222",1,"1,3222",1,"1,3222",1,"1,3296","1,3199","1,3199345642",1,"34,64%","1,0000%"
09/1993,9606,-,"86414,97","86414,97",TRUE,"0,707363","0,752841",1,1,"1,3517",1,"1,3517",1,"1,3517",1,"1,3569","1,3438","1,3438385269",1,"37,23%","1,0000%"
10/1993,12024,-,"108165,62","108165,62",TRUE,"0,2517","0,602231",1,1,"1,3492",1,"1,3492",1,"1,3492",1,"1,3392","1,3517","1,3516469038",1,"38,40%","1,0000%"
11/1993,15021,-,"135120,49","135120,49",TRUE,"0,2492","0,483477",1,1,"1,3489",1,"1,3489",1,"1,3489",1,"1,3556","1,339","1,3390193976",1,"38,38%","1,0000%"
12/1993,18760,-,"168751,98","168751,98",TRUE,"0,2489","0,3735",1,1,"1,3735",1,"1,3735",1,"1,3735",1,"1,3684","1,3669","1,3668923346",1,"40,38%","1,0000%"
01/1994,32882,-,"295795,39","295795,39",TRUE,"0,752841","0,428572",1,1,"1,4025",1,"1,4025",1,"1,4025",1,"1,4131","1,3917","1,3917026149",1,"42,76%","1,0000%"
02/1994,42829,-,"385273,5","385273,5",TRUE,"0,3025","0,428572","0,001568283",1,"1,3967",1,"1,3967",1,1,1,"1,4027","1,397","1,39698454",1,"41,99%","1,0000%"
03/1994,"64,79",-,"582,86","582,86",TRUE,"(0,99848715)","0,428572",1,1,"1,46015",1,"1,46015",1,-,1,"1,4275","1,4363","1,4363118391",1,"46,42%","1,0000%"
04/1994,"64,79",-,"582,86","582,86",FALSE,-,"0,428572",1,1,"1,4219644487",1,"1,4219644487",1,-,1,"1,4268","1,4125","1,4124995232",1,"46,49%","1,0000%"
05/1994,"64,79",-,"582,86","582,86",FALSE,-,"0,428572",1,1,"1,4416278929",1,"1,4416278929",1,-,1,"1,4403","1,4421","1,4420965934",1,"47,95%","1,0000%"
06/1994,"64,79",-,"582,86","582,86",FALSE,-,"0,428572",1,1,"0,0005239443",1,"0,0005239443",1,-,1,"1,4743","1,4465","0,0005260004",1,"50,62%","1,0000%"
07/1994,"64,79",-,"582,86","582,86",FALSE,-,"0,428572",1,1,"1,0608",1,"1,0608",1,"1,0608",1,"1,0684","1,0521","1,0521537914",1,"6,87%","1,0000%"
08/1994,"64,79",-,"582,86","582,86",FALSE,-,"0,346693",1,1,"1,0546",1,"1,0546",1,"1,0546",1,"1,0186","1,05","1,0500761293",1,"4,17%","1,0000%"
09/1994,70,-,"582,86","582,86",FALSE,-,"0,27697",1,1,"1,0151",1,"1,0151",1,"1,0151",1,"1,0153","1,0163","1,016271951",1,"3,83%","1,0000%"
10/1994,70,-,"582,86","582,86",FALSE,-,"0,257975",1,1,"1,0186",1,"1,0186",1,"1,0186",1,"1,0262","1,019","1,0190234623",1,"3,62%","1,0000%"
11/1994,70,-,"582,86","582,86",FALSE,-,"0,235004",1,1,"1,0327",1,"1,0327",1,"1,0327",1,"1,0281","1,0295","1,0295581829",1,"4,07%","1,0000%"
12/1994,70,-,"582,86","582,86",FALSE,-,"0,195899",1,1,"1,0219",1,"1,0219",1,"1,0219",1,"1,0171","1,0225","1,0225143548",1,"3,80%","1,0000%"
01/1995,70,-,"582,86","582,86",FALSE,-,"0,17027",1,1,"1,0167",1,"1,0167",1,"1,0167",1,"1,017","1,0178",1,1,"3,37%","1,0000%"
02/1995,70,-,"582,86","582,86",FALSE,-,"0,151047",1,1,"1,0099",1,"1,0099",1,"1,0099",1,"1,0102","1,0122",1,1,"3,25%","1,0000%"
03/1995,70,-,"582,86","582,86",FALSE,-,"0,139764",1,1,"1,0141",1,"1,0141",1,"1,0141",1,"1,0155","1,0128","1,0434461357",1,"4,26%","1,0000%"
04/1995,70,-,"582,86","582,86",FALSE,-,"0,123916",1,1,"1,0192",1,"1,0192",1,"1,0192",1,"1,0243","1,0195",1,1,"4,26%","1,0000%"
05/1995,100,-,"832,66","832,66",TRUE,"0,428572","0,15",1,1,"1,0257",1,"1,0257",1,"1,0257",1,"1,0267","1,0277",1,1,"4,25%","1,0000%"
06/1995,100,-,"832,66","832,66",FALSE,-,"0,145403",1,1,"1,0182",1,"1,0182",1,"1,0182",1,"1,0226","1,0225","1,0712363688",1,"4,04%","1,0000%"
07/1995,100,-,"832,66","832,66",FALSE,-,"0,116149",1,1,"1,0246",1,"1,0246",1,"1,0246",1,"1,0236","1,0259",1,1,"4,02%","1,0000%"
08/1995,100,-,"832,66","832,66",FALSE,-,"0,091715",1,1,"1,0102",1,"1,0102",1,"1,0102",1,"1,0099","1,0149",1,1,"3,84%","1,0000%"
09/1995,100,-,"832,66","832,66",FALSE,-,"0,077824",1,1,"1,0117",1,"1,0117",1,"1,0117",1,"1,0099","1,0097","1,0512956108",1,"3,32%","1,0000%"
10/1995,100,-,"832,66","832,66",FALSE,-,"0,089603",1,1,"1,014",1,"1,014",1,"1,014",1,"1,0141","1,0134",1,1,"3,09%","1,0000%"
11/1995,100,-,"832,66","832,66",FALSE,-,"0,087141",1,1,"1,0151",1,"1,0151",1,"1,0151",1,"1,0147","1,0146",1,1,"2,88%","1,0000%"
12/1995,100,-,"832,66","832,66",FALSE,-,"0,072902",1,1,"1,0165",1,"1,0165",1,"1,0165",1,"1,0156","1,0136","1,0421277666",1,"2,78%","1,0000%"
01/1996,100,-,"832,66","832,66",FALSE,-,"0,069967",1,1,"1,0146",1,"1,0146",1,"1,0146",1,"1,0134","1,0163",1,1,"2,58%","1,0000%"
02/1996,100,-,"832,66","832,66",FALSE,-,"0,05111",1,1,"1,0071",1,"1,0071",1,"1,0071",1,"1,0103","1,012",1,1,"2,35%","1,0000%"
03/1996,100,-,"832,66","832,66",FALSE,-,"0,043157",1,1,"1,0029",1,"1,0029",1,"1,0029",1,"1,0035","1,0062",1,1,"2,22%","1,0000%"
04/1996,100,-,"832,66","832,66",FALSE,-,"0,0409",1,1,"1,0093",1,"1,0093",1,"1,007",1,"1,0126","1,007",1,1,"2,07%","1,0000%"
05/1996,112,-,"957,56","957,56",TRUE,"0,15","0,0776",1,1,"1,0168",1,"1,0168",1,"1,0168",1,"1,0122","1,0132",1,1,"2,01%","1,0000%"
06/1996,112,-,"957,56","957,56",FALSE,-,"0,0714",1,1,"1,0122",1,"1,0122",1,"1,0122",1,"1,0119","1,0111","1,067575721",1,"1,98%","1,0000%"
07/1996,112,-,"957,56","957,56",FALSE,-,"0,0653",1,1,"1,0109",1,"1,0109",1,"1,0109",1,"1,0111","1,0137",1,1,"1,93%","1,0000%"
08/1996,112,-,"957,56","957,56",FALSE,-,"0,0592",1,1,1,1,1,1,"1,00004",1,"1,0044","1,007",1,1,"1,97%","1,0000%"
09/1996,112,-,"957,56","957,56",FALSE,-,"0,0531",1,1,"1,0013",1,"1,0013",1,"1,0013",1,"1,0015","1,0011",1,1,"1,90%","1,0000%"
10/1996,112,-,"957,56","957,56",FALSE,-,"0,0471",1,1,"1,0022",1,"1,0022",1,"1,0022",1,"1,003","1,0014",1,1,"1,86%","1,0000%"
11/1996,112,-,"957,56","957,56",FALSE,-,"0,0411",1,1,"1,0028",1,"1,0028",1,"1,0028",1,"1,0032","1,0041",1,1,"1,80%","1,0000%"
12/1996,112,-,"957,56","957,56",FALSE,-,"0,0351",1,1,"1,0088",1,"1,0088",1,"1,0088",1,"1,0047","1,002","1,0295015259",1,"1,80%","1,0000%"
01/1997,112,-,"957,56","957,56",FALSE,-,"0,0292",1,1,"1,0158",1,"1,0158",1,"1,0158",1,"1,0118","1,0113",1,1,"1,73%","1,0000%"
02/1997,112,-,"957,56","957,56",FALSE,-,"0,0233",1,1,"1,0042",1,"1,0042",1,"1,0042",1,"1,005","1,0071",1,1,"1,67%","1,0000%"
03/1997,112,-,"957,56","957,56",FALSE,-,"0,0174",1,1,"1,0116",1,"1,0116",1,"1,0116",1,"1,0051","1,0059",1,1,"1,64%","1,0000%"
04/1997,112,-,"957,56","957,56",FALSE,-,"0,0116",1,1,"1,0059",1,"1,0059",1,"1,0059",1,"1,0088","1,0068",1,1,"1,66%","1,0000%"
05/1997,120,-,"957,56","957,56",FALSE,-,"0,0058",1,1,"1,003",1,"1,003",1,"1,003",1,"1,0041","1,005",1,1,"1,58%","1,0000%"
06/1997,120,-,"1031,87","1031,87",TRUE,"0,0776","0,0481",1,1,"1,007",1,"1,007",1,"1,007",1,"1,0054","1,0055",1,1,"1,61%","1,0000%"
07/1997,120,-,"1031,87","1031,87",FALSE,-,"0,044",1,1,"1,0009",1,"1,0009",1,"1,0009",1,"1,0022","1,0031",1,1,"1,60%","1,0000%"
08/1997,120,-,"1031,87","1031,87",FALSE,-,"0,0399",1,1,"0,9996",1,"0,9996",1,1,1,"0,9998","1,0017",1,1,"1,59%","1,0000%"
09/1997,120,-,"1031,87","1031,87",FALSE,-,"0,0359",1,1,"1,0059",1,"1,0059",1,"1,0059",1,"1,0006","0,9995",1,1,"1,59%","1,0000%"
10/1997,120,-,"1031,87","1031,87",FALSE,-,"0,0318",1,1,"1,0034",1,"1,0034",1,"1,0034",1,"1,0023","1,0025",1,1,"1,67%","1,0000%"
11/1997,120,-,"1031,87","1031,87",FALSE,-,"0,0278",1,1,"1,0083",1,"1,0083",1,"1,0083",1,"1,0017","1,0007",1,1,"3,04%","1,0000%"
12/1997,120,-,"1031,87","1031,87",FALSE,-,"0,0238",1,1,"1,0069",1,"1,0069",1,"1,0069",1,"1,0043","1,0049","1,0552261748",1,"2,97%","1,0000%"
01/1998,120,-,"1031,87","1031,87",FALSE,-,"0,0198",1,1,"1,0088",1,"1,0088",1,"1,0088",1,"1,0071","1,0054",1,1,"2,67%","1,0000%"
02/1998,120,-,"1031,87","1031,87",FALSE,-,"0,0158",1,1,"1,0002",1,"1,0002",1,"1,0002",1,"1,0046","1,0064",1,1,"2,13%","1,0000%"
03/1998,120,-,"1031,87","1031,87",FALSE,-,"0,0118",1,1,"1,0023",1,"1,0023",1,"1,0023",1,"1,0034","1,0039",1,1,"2,20%","1,0000%"
04/1998,120,-,"1031,87","1031,87",FALSE,-,"0,0079",1,1,"0,9987",1,"0,9987",1,1,1,"1,0024","1,0022",1,1,"1,71%","1,0000%"
05/1998,130,-,"1031,87","1031,87",FALSE,-,"0,0039",1,1,"1,0023",1,"1,0023",1,"1,0023",1,"1,005","1,0041",1,1,"1,63%","1,0000%"
06/1998,130,-,"1081,5","1081,5",TRUE,"0,0481","0,0461",1,1,"1,0028",1,"1,0028",1,"1,0028",1,"1,0002","1,0034",1,1,"1,60%","1,0000%"
07/1998,130,-,"1081,5","1081,5",FALSE,-,"0,0422",1,1,"0,9962",1,"0,9962",1,1,1,"0,9988","0,9989",1,1,"1,70%","1,0000%"
08/1998,130,-,"1081,5","1081,5",FALSE,-,"0,0383",1,1,"0,9983",1,"0,9983",1,1,1,"0,9949","0,9963",1,1,"1,48%","1,0000%"
09/1998,130,-,"1081,5","1081,5",FALSE,-,"0,0344",1,1,"0,9998",1,"0,9998",1,1,1,"0,9978","0,9956",1,1,"2,49%","1,0000%"
10/1998,130,-,"1081,5","1081,5",FALSE,-,"0,0305",1,1,"0,9997",1,"0,9997",1,1,1,"1,0002","1,0001",1,1,"2,94%","1,0000%"
11/1998,130,-,"1081,5","1081,5",FALSE,-,"0,0266",1,1,"0,9982",1,"0,9982",1,1,1,"0,9988","0,9989",1,1,"2,63%","1,0000%"
12/1998,130,-,1200,1200,FALSE,-,"0,0228",1,1,"1,0098",1,"1,0098",1,"1,0098",1,"1,0033","1,0013","1,0165435439",1,"2,40%","1,0000%"
01/1999,130,-,1200,1200,FALSE,-,"0,019",1,1,"1,0115",1,"1,0115",1,"1,0115",1,"1,007","1,0068",1,1,"2,18%","1,0000%"
02/1999,130,-,1200,1200,FALSE,-,"0,0151",1,1,"1,0444",1,"1,0444",1,"1,0444",1,"1,0105","1,0064",1,1,"2,38%","1,0000%"
03/1999,130,-,1200,1200,FALSE,-,"0,0113",1,1,"1,0198",1,"1,0198",1,"1,0198",1,"1,011","1,0122",1,1,"3,33%","1,0000%"
04/1999,130,-,1200,1200,FALSE,-,"0,0075",1,1,"1,0003",1,"1,0003",1,"1,0003",1,"1,0056","1,0078",1,1,"2,35%","1,0000%"
05/1999,136,-,1200,1200,FALSE,-,"0,0038",1,1,"0,9966",1,"0,9966",1,1,1,"1,003","1,0051",1,1,"2,02%","1,0000%"
06/1999,136,-,"1255,32","1255,32",TRUE,"0,0461","0,0581",1,1,"1,0102",1,"1,0102",1,"1,0102",1,"1,0019","0,9998",1,1,"1,67%","1,0000%"
07/1999,136,-,"1255,32","1255,32",FALSE,-,"0,0531",1,1,"1,0159",1,"1,0159",1,"1,0159",1,"1,0109","1,0079",1,1,"1,66%","1,0000%"
08/1999,136,-,"1255,32","1255,32",FALSE,-,"0,0482",1,1,"1,0145",1,"1,0145",1,"1,0145",1,"1,0056","1,0081",1,1,"1,57%","1,0000%"
09/1999,136,-,"1255,32","1255,32",FALSE,-,"0,0433",1,1,"1,0147",1,"1,0147",1,"1,0147",1,"1,0031","1,0047",1,1,"1,49%","1,0000%"
10/1999,136,-,"1255,32","1255,32",FALSE,-,"0,0384",1,1,"1,0189",1,"1,0189",1,"1,0189",1,"1,0119","1,008",1,1,"1,38%","1,0000%"
11/1999,136,-,"1255,32","1255,32",FALSE,-,"0,0335",1,1,"1,0253",1,"1,0253",1,"1,0253",1,"1,0095","1,0099",1,1,"1,39%","1,0000%"
12/1999,136,-,"1255,32","1255,32",FALSE,-,"0,0286",1,1,"1,0123",1,"1,0123",1,"1,0123",1,"1,006","1,0091","1,0891504606",1,"1,60%","1,0000%"
01/2000,136,-,"1255,32","1255,32",FALSE,-,"0,0238",1,1,"1,0102",1,"1,0102",1,"1,0102",1,"1,0062","1,0065",1,1,"1,46%","1,0000%"
02/2000,136,-,"1255,32","1255,32",FALSE,-,"0,019",1,1,"1,0019",1,"1,0019",1,"1,0019",1,"1,0013","1,0034",1,1,"1,45%","1,0000%"
03/2000,136,-,"1255,32","1255,32",FALSE,-,"0,0142",1,1,"1,0018",1,"1,0018",1,"1,0018",1,"1,0022","1,0009",1,1,"1,45%","1,0000%"
04/2000,151,-,"1255,32","1255,32",FALSE,-,"0,0095",1,1,"1,0013",1,"1,0013",1,"1,0013",1,"1,0042","1,0047",1,1,"1,30%","1,0000%"
05/2000,151,-,"1255,32","1255,32",FALSE,-,"0,0047",1,1,"1,0067",1,"1,0067",1,"1,0067",1,"1,0001","1,0009",1,1,"1,49%","1,0000%"
06/2000,151,-,"1328,25","1328,25",TRUE,"0,0581","0,0766",1,1,"1,0093",1,"1,0093",1,"1,0093",1,"1,0023","1,0008",1,1,"1,39%","1,0000%"
07/2000,151,-,"1328,25","1328,25",FALSE,-,"0,0734",1,1,"1,0226",1,"1,0226",1,"1,0226",1,"1,0161","1,0078",1,1,"1,31%","1,0000%"
08/2000,151,-,"1328,25","1328,25",FALSE,-,"0,0587",1,1,"1,0182",1,"1,0182",1,"1,0182",1,"1,0131","1,0199",1,1,"1,41%","1,0000%"
09/2000,151,-,"1328,25","1328,25",FALSE,-,"0,046",1,1,"1,0069",1,"1,0069",1,"1,0069",1,"1,0023","1,0045",1,1,"1,22%","1,0000%"
10/2000,151,-,"1328,25","1328,25",FALSE,-,"0,0415",1,1,"1,0037",1,"1,0037",1,"1,0037",1,"1,0014","1,0018",1,1,"1,29%","1,0000%"
11/2000,151,-,"1328,25","1328,25",FALSE,-,"0,0399",1,1,"1,0039",1,"1,0039",1,"1,0039",1,"1,0032","1,0017",1,1,"1,22%","1,0000%"
12/2000,151,-,"1328,25","1328,25",FALSE,-,"0,0368",1,1,"1,0076",1,"1,0076",1,"1,0076",1,"1,0059","1,006035557","1,0603555701",1,"1,20%","1,0000%"
01/2001,151,-,"1328,25","1328,25",FALSE,-,"0,0312",1,1,"1,0049",1,"1,0049",1,"1,0049",1,"1,0057","1,0063","1,0063",1,"1,27%","1,0000%"
02/2001,151,-,"1328,25","1328,25",FALSE,-,"0,0233",1,1,"1,0034",1,"1,0034",1,"1,0034",1,"1,0046","1,005","1,005",1,"1,02%","1,0000%"
03/2001,151,-,"1328,25","1328,25",FALSE,-,"0,0183",1,1,"1,008",1,"1,008",1,"1,008",1,"1,0038","1,0036","1,0036",1,"1,26%","1,0000%"
04/2001,180,-,"1328,25","1328,25",FALSE,-,"0,0134",1,1,"1,0113",1,"1,0113",1,"1,0113",1,"1,0058","1,005","1,005",1,"1,19%","1,0000%"
05/2001,180,-,"1328,25","1328,25",FALSE,-,"0,005",1,1,"1,0044",1,"1,0044",1,"1,0044",1,"1,0041","1,0049","1,0049",1,"1,34%","1,0000%"
06/2001,180,-,1430,1430,TRUE,"0,0766","0,092",1,1,"1,0146",1,"1,0146",1,"1,0146",1,"1,0052","1,0038","1,0038",1,"1,27%","1,0000%"
07/2001,180,-,1430,1430,FALSE,-,"0,0855",1,1,"1,0162",1,"1,0162",1,"1,0162",1,"1,0133","1,0094","1,0094",1,"1,50%","1,0000%"
08/2001,180,-,1430,1430,FALSE,-,"0,0736",1,1,"1,009",1,"1,009",1,"1,009",1,"1,007","1,0118","1,0118",1,"1,60%","1,0000%"
09/2001,180,-,1430,1430,FALSE,-,"0,0652",1,1,"1,0038",1,"1,0038",1,"1,0038",1,"1,0028","1,0038","1,0038",1,"1,32%","1,0000%"
10/2001,180,-,1430,1430,FALSE,-,"0,0605",1,1,"1,0145",1,"1,0145",1,"1,0145",1,"1,0083","1,0037","1,0037",1,"1,53%","1,0000%"
11/2001,180,-,1430,1430,FALSE,-,"0,0506",1,1,"1,0076",1,"1,0076",1,"1,0076",1,"1,0071","1,0099","1,0099",1,"1,39%","1,0000%"
12/2001,180,-,1430,1430,FALSE,-,"0,0372",1,1,"1,0018",1,"1,0018",1,"1,0018",1,"1,0065","1,0055","1,0055",1,"1,39%","1,0000%"
01/2002,180,-,1430,1430,FALSE,-,"0,0296",1,1,"1,0019",1,"1,0019",1,"1,0019",1,"1,0052","1,0062","1,0062",1,"1,53%","1,0000%"
02/2002,180,-,1430,1430,FALSE,-,"0,0187",1,1,"1,0018",1,"1,0018",1,"1,0018",1,"1,0036","1,0044","1,0044",1,"1,25%","1,0000%"
03/2002,180,-,1430,1430,FALSE,-,"0,0156",1,1,"1,0011",1,"1,0011",1,"1,0011",1,"1,006","1,004","1,004",1,"1,37%","1,0000%"
04/2002,200,-,1430,1430,FALSE,-,"0,0093",1,1,"1,007",1,"1,007",1,"1,007",1,"1,008","1,0078","1,0078",1,"1,48%","1,0000%"
05/2002,200,-,1430,1430,FALSE,-,"0,0025",1,1,"1,0111",1,"1,0111",1,"1,0111",1,"1,0021","1,0042","1,0042",1,"1,41%","1,0000%"
06/2002,200,-,"1561,56","1561,56",TRUE,"0,092","0,1971",1,1,"1,0174",1,"1,0174",1,"1,0174",1,"1,0042","1,0033","1,0033",1,"1,33%","1,0000%"
07/2002,200,-,"1561,56","1561,56",FALSE,-,"0,1898",1,1,"1,0205",1,"1,0205",1,"1,0205",1,"1,0119","1,0077","1,0077",1,"1,54%","1,0000%"
08/2002,200,-,"1561,56","1561,56",FALSE,-,"0,1763",1,1,"1,0236",1,"1,0236",1,"1,0236",1,"1,0065","1,01","1,01",1,"1,44%","1,0000%"
09/2002,200,-,"1561,56","1561,56",FALSE,-,"0,1663",1,1,"1,0264",1,"1,0264",1,"1,0264",1,"1,0072","1,0062","1,0062",1,"1,38%","1,0000%"
10/2002,200,-,"1561,56","1561,56",FALSE,-,"0,1567",1,1,"1,0421",1,"1,0421",1,"1,0421",1,"1,0131","1,009","1,009",1,"1,65%","1,0000%"
11/2002,200,-,"1561,56","1561,56",FALSE,-,"0,1388",1,1,"1,0584",1,"1,0584",1,"1,0584",1,"1,0302","1,0208","1,0208",1,"1,54%","1,0000%"
12/2002,200,-,"1561,56","1561,56",FALSE,-,"0,1015",1,1,"1,027",1,"1,027",1,"1,027",1,"1,021","1,0305","1,0305",1,"1,74%","1,0000%"
01/2003,200,-,"1561,56","1561,56",FALSE,-,"0,0725",1,1,"1,0217",1,"1,0217",1,"1,0217",1,"1,0225","1,0198","1,0198",1,"1,97%","1,0000%"
02/2003,200,-,"1561,56","1561,56",FALSE,-,"0,0467",1,1,"1,0159",1,"1,0159",1,"1,0159",1,"1,0157","1,0219","1,0219",1,"1,83%","1,0000%"
03/2003,200,-,"1561,56","1561,56",FALSE,-,"0,0316",1,1,"1,0166",1,"1,0166",1,"1,0166",1,"1,0123","1,0114","1,0114",1,"1,78%","1,0000%"
04/2003,240,-,"1561,56","1561,56",FALSE,-,"0,0177",1,1,"1,0041",1,"1,0041",1,"1,0041",1,"1,0097","1,0114","1,0114",1,"1,87%","1,0000%"
05/2003,240,-,"1561,56","1561,56",FALSE,-,"0,0038",1,1,"0,9933",1,"0,9933",1,"0,9933",1,"1,0061","1,0085","1,0085",1,"1,97%","1,0000%"
06/2003,240,-,"1869,34","1869,34",TRUE,"0,1971","0,0453",1,1,"0,993",1,"0,993",1,"0,993",1,"0,9985","1,0022","1,0022",1,"1,86%","1,0000%"
07/2003,240,-,"1869,34","1869,34",FALSE,-,"0,0459",1,1,"0,998",1,"0,998",1,"0,998",1,"1,002","0,9982","0,9982",1,"2,08%","1,0000%"
08/2003,240,-,"1869,34","1869,34",FALSE,-,"0,0455",1,1,"1,0062",1,"1,0062",1,"1,0062",1,"1,0034","1,0027","1,0027",1,"1,77%","1,0000%"
09/2003,240,-,"1869,34","1869,34",FALSE,-,"0,0436",1,1,"1,0105",1,"1,0105",1,"1,0105",1,"1,0078","1,0057","1,0057",1,"1,68%","1,0000%"
10/2003,240,-,"1869,34","1869,34",FALSE,-,"0,0351",1,1,"1,0044",1,"1,0044",1,"1,0044",1,"1,0029","1,0066","1,0066",1,"1,64%","1,0000%"
11/2003,240,-,"1869,34","1869,34",FALSE,-,"0,0311",1,1,"1,0048",1,"1,0048",1,"1,0048",1,"1,0034","1,0017","1,0017",1,"1,34%","1,0000%"
12/2003,240,-,"1869,34","1869,34",FALSE,-,"0,0273",1,1,"1,006",1,"1,006",1,"1,006",1,"1,0052","1,0046","1,0046",1,"1,37%","1,0000%"
01/2004,240,-,2400,2400,FALSE,-,"0,0218",1,1,"1,008",1,"1,008",1,"1,008",1,"1,0076","1,0068","1,0068",1,"1,27%","1,0000%"
02/2004,240,-,2400,2400,FALSE,-,"0,0134",1,1,"1,0108",1,"1,0108",1,"1,0039",1,"1,0061","1,009","1,009",1,"1,08%","1,0000%"
03/2004,240,-,2400,2400,FALSE,-,"0,0094",1,1,"1,0093",1,"1,0093",1,"1,0057",1,"1,0047","1,004","1,004",1,"1,38%","1,0000%"
04/2004,240,-,2400,2400,FALSE,-,"0,0037",1,1,"1,0115",1,"1,0115",1,"1,0041",1,"1,0037","1,0021","1,0021",1,"1,18%","1,0000%"
05/2004,260,-,"2508,72","2508,72",TRUE,"0,0453","0,06355",1,1,"1,0146",1,"1,0146",1,"1,004",1,"1,0051","1,0054","1,0054",1,"1,23%","1,0000%"
06/2004,260,-,"2508,72","2508,72",FALSE,-,"0,05932",1,1,"1,0129",1,"1,0129",1,"1,005",1,"1,0071","1,0056","1,0056",1,"1,23%","1,0000%"
07/2004,260,-,"2508,72","2508,72",FALSE,-,"0,05405",1,1,"1,0114",1,"1,0114",1,"1,0073",1,"1,0091","1,0093","1,0093",1,"1,29%","1,0000%"
08/2004,260,-,"2508,72","2508,72",FALSE,-,"0,04641",1,1,"1,0131",1,"1,0131",1,"1,005",1,"1,0069","1,0079","1,0079",1,"1,29%","1,0000%"
09/2004,260,-,"2508,72","2508,72",FALSE,-,"0,0412",1,1,"1,0048",1,"1,0048",1,"1,0017",1,"1,0033","1,0049","1,0049",1,"1,25%","1,0000%"
10/2004,260,-,"2508,72","2508,72",FALSE,-,"0,03944",1,1,"1,0053",1,"1,0053",1,"1,0017",1,"1,0044","1,0032","1,0032",1,"1,21%","1,0000%"
11/2004,260,-,"2508,72","2508,72",FALSE,-,"0,03767",1,1,"1,0082",1,"1,0082",1,"1,0044",1,"1,0069","1,0063","1,0063",1,"1,25%","1,0000%"
12/2004,260,-,"2508,72","2508,72",FALSE,-,"0,03313",1,1,"1,0052",1,"1,0052",1,"1,0086",1,"1,0086","1,0084","1,0084",1,"1,48%","1,0000%"
01/2005,260,-,"2508,72","2508,72",FALSE,-,"0,02432",1,1,"1,0033",1,"1,0033",1,"1,0057",1,"1,0058","1,0068","1,0068",1,"1,38%","1,0000%"
02/2005,260,-,"2508,72","2508,72",FALSE,-,"0,01851",1,1,"1,004",1,"1,004",1,"1,0044",1,"1,0059","1,0074","1,0074",1,"1,22%","1,0000%"
03/2005,260,-,"2508,72","2508,72",FALSE,-,"0,01405",1,1,"1,0099",1,"1,0099",1,"1,0073",1,"1,0061","1,0035","1,0035",1,"1,53%","1,0000%"
04/2005,260,-,"2508,72","2508,72",FALSE,-,"0,0067",1,1,"1,0051",1,"1,0051",1,"1,0091",1,"1,0087","1,0074","1,0074",1,"1,41%","1,0000%"
05/2005,300,-,"2668,15","2668,15",TRUE,"0,06355","0,0501",1,1,"0,9975",1,"0,9975",1,"1,007",1,"1,0049","1,0083","1,0083",1,"1,50%","1,0000%"
06/2005,300,-,"2668,15","2668,15",FALSE,-,"0,0428",1,1,"0,9955",1,"0,9955",1,"0,9989",1,"0,9998","1,0012","1,0012",1,"1,59%","1,0000%"
07/2005,300,-,"2668,15","2668,15",FALSE,-,"0,04395",1,1,"0,996",1,"0,996",1,"1,0003",1,"1,0025","1,0011","1,0011",1,"1,51%","1,0000%"
08/2005,300,-,"2668,15","2668,15",FALSE,-,"0,04364",1,1,"0,9921",1,"0,9921",1,1,1,"1,0017","1,0028","1,0028",1,"1,66%","1,0000%"
09/2005,300,-,"2668,15","2668,15",FALSE,-,"0,04364",1,1,"0,9987",1,"0,9987",1,"1,0015",1,"1,0035","1,0016","1,0016",1,"1,50%","1,0000%"
10/2005,300,-,"2668,15","2668,15",FALSE,-,"0,04208",1,1,"1,0063",1,"1,0063",1,"1,0058",1,"1,0075","1,0056","1,0056",1,"1,41%","1,0000%"
11/2005,300,-,"2668,15","2668,15",FALSE,-,"0,03607",1,1,"1,0033",1,"1,0033",1,"1,0054",1,"1,0055","1,0078","1,0078",1,"1,38%","1,0000%"
12/2005,300,-,"2668,15","2668,15",FALSE,-,"0,0305",1,1,"1,0007",1,"1,0007",1,"1,004",1,"1,0036","1,0038","1,0038",1,"1,47%","1,0000%"
01/2006,300,-,"2668,15","2668,15",FALSE,-,"0,0264",1,1,"1,0072",1,"1,0072",1,"1,0038",1,"1,0059","1,0051","1,0051",1,"1,43%","1,0000%"
02/2006,300,-,"2668,15","2668,15",FALSE,-,"0,02251",1,1,"0,9994",1,"0,9994",1,"1,0023",1,"1,0041","1,0052","1,0052",1,"1,15%","1,0000%"
03/2006,300,-,"2668,15","2668,15",FALSE,-,"0,02017",1,1,"0,9955",1,"0,9955",1,"1,0027",1,"1,0043","1,0037","1,0037",1,"1,42%","1,0000%"
04/2006,350,-,"2801,56","2801,56",TRUE,"0,0501","0,033",1,1,"1,0002",1,"1,0002",1,"1,0012",1,"1,0021","1,0017","1,0017",1,"1,08%","1,0000%"
05/2006,350,-,"2801,56","2801,56",FALSE,-,"0,0317",1,1,"1,0038",1,"1,0038",1,"1,0013",1,"1,001","1,0027","1,0027",1,"1,28%","1,0000%"
06/2006,350,-,"2801,56","2801,56",FALSE,-,"0,0304",1,1,"1,0067",1,"1,0067",1,"0,9993",1,"0,9979","0,9985","0,9985",1,"1,18%","1,0000%"
07/2006,350,-,"2801,56","2801,56",FALSE,-,"0,0311",1,1,"1,0017",1,"1,0017",1,"1,0011",1,"1,0019","0,9998","0,9998",1,"1,17%","1,0000%"
08/2006,350,-,"2801,82","2801,82",FALSE,-,"0,03",1,1,"1,0041",1,"1,0041",1,"0,9998",1,"1,0005","1,0019","1,0019",1,"1,26%","1,0000%"
09/2006,350,-,"2801,82","2801,82",FALSE,-,"0,0302",1,1,"1,0016",1,"1,0016",1,"1,0016",1,"1,0021","1,0005","1,0005",1,"1,06%","1,0000%"
10/2006,350,-,"2801,82","2801,82",FALSE,-,"0,0285",1,1,"1,0043",1,"1,0043",1,"1,0043",1,"1,0033","1,0029","1,0029",1,"1,09%","1,0000%"
11/2006,350,-,"2801,82","2801,82",FALSE,-,"0,0241",1,1,"1,0042",1,"1,0042",1,"1,0042",1,"1,0031","1,0037","1,0037",1,"1,02%","1,0000%"
12/2006,350,-,"2801,82","2801,82",FALSE,-,"0,0198",1,1,"1,0062",1,"1,0062",1,"1,0062",1,"1,0048","1,0035","1,0035",1,"0,99%","1,0000%"
01/2007,350,-,"2801,82","2801,82",FALSE,-,"0,0136",1,1,"1,0049",1,"1,0049",1,"1,0049",1,"1,0044","1,0052","1,0052",1,"1,08%","1,0000%"
02/2007,350,-,"2801,82","2801,82",FALSE,-,"0,0086",1,1,"1,0042",1,"1,0042",1,"1,0042",1,"1,0044","1,0046","1,0046",1,"0,87%","1,0000%"
03/2007,350,-,"2801,82","2801,82",FALSE,-,"0,0044",1,1,"1,0044",1,"1,0044",1,"1,0044",1,"1,0037","1,0041","1,0041",1,"1,05%","1,0000%"
04/2007,380,-,"2894,28","2894,28",TRUE,"0,033","0,05",1,1,"1,0026",1,"1,0026",1,"1,0026",1,"1,0025","1,0022","1,0022",1,"0,94%","1,0000%"
05/2007,380,-,"2894,28","2894,28",FALSE,-,"0,0473",1,1,"1,0026",1,"1,0026",1,"1,0026",1,"1,0028","1,0026","1,0026",1,"1,03%","1,0000%"
06/2007,380,-,"2894,28","2894,28",FALSE,-,"0,0445",1,1,"1,0031",1,"1,0031",1,"1,0031",1,"1,0028","1,0029","1,0029",1,"0,91%","1,0000%"
07/2007,380,-,"2894,28","2894,28",FALSE,-,"0,0413",1,1,"1,0032",1,"1,0032",1,"1,0032",1,"1,0024","1,0024","1,0024",1,"0,97%","1,0000%"
08/2007,380,-,"2894,28","2894,28",FALSE,-,"0,038",1,1,"1,0059",1,"1,0059",1,"1,0059",1,"1,0047","1,0042","1,0042",1,"0,99%","1,0000%"
09/2007,380,-,"2894,28","2894,28",FALSE,-,"0,0319",1,1,"1,0025",1,"1,0025",1,"1,0025",1,"1,0018","1,0029","1,0029",1,"0,80%","1,0000%"
10/2007,380,-,"2894,28","2894,28",FALSE,-,"0,0293",1,1,"1,003",1,"1,003",1,"1,003",1,"1,003","1,0024","1,0024",1,"0,93%","1,0000%"
11/2007,380,-,"2894,28","2894,28",FALSE,-,"0,0262",1,1,"1,0043",1,"1,0043",1,"1,0043",1,"1,0038","1,0023","1,0023",1,"0,84%","1,0000%"
12/2007,380,-,"2894,28","2894,28",FALSE,-,"0,0219",1,1,"1,0097",1,"1,0097",1,"1,0097",1,"1,0074","1,007","1,007",1,"0,84%","1,0000%"
01/2008,380,-,"2894,28","2894,28",FALSE,-,"0,012",1,1,"1,0069",1,"1,0069",1,"1,0069",1,"1,0054","1,007","1,007",1,"0,93%","1,0000%"
02/2008,380,-,"2894,28","2894,28",FALSE,-,"0,0051",1,1,"1,0048",1,"1,0048",1,"1,0051",1,"1,0049","1,0064","1,0064",1,"0,80%","1,0000%"
03/2008,415,-,"3038,99","3038,99",TRUE,"0,05","0,0592",1,1,"1,0051",1,"1,0051",1,"1,0051",1,"1,0048","1,0023","1,0023",1,"0,84%","1,0000%"
04/2008,415,-,"3038,99","3038,99",FALSE,-,"0,0538",1,1,"1,0064",1,"1,0064",1,"1,0064",1,"1,0055","1,0059","1,0059",1,"0,90%","1,0000%"
05/2008,415,-,"3038,99","3038,99",FALSE,-,"0,0471",1,1,"1,0096",1,"1,0096",1,"1,0096",1,"1,0079","1,0056","1,0056",1,"0,88%","1,0000%"
06/2008,415,-,"3038,99","3038,99",FALSE,-,"0,0372",1,1,"1,0091",1,"1,0091",1,"1,0091",1,"1,0074","1,009","1,009",1,"0,96%","1,0000%"
07/2008,415,-,"3038,99","3038,99",FALSE,-,"0,0278",1,1,"1,0058",1,"1,0058",1,"1,0058",1,"1,0053","1,0063","1,0063",1,"1,07%","1,0000%"
08/2008,415,-,"3038,99","3038,99",FALSE,-,"0,0219",1,1,"1,0021",1,"1,0021",1,"1,0021",1,"1,0028","1,0035","1,0035",1,"1,02%","1,0000%"
09/2008,415,-,"3038,99","3038,99",FALSE,-,"0,0197",1,1,"1,0015",1,"1,0015",1,"1,0015",1,"1,0026","1,0026","1,0026",1,"1,10%","1,0000%"
10/2008,415,-,"3038,99","3038,99",FALSE,-,"0,0182",1,1,"1,005",1,"1,005",1,"1,005",1,"1,0045","1,003","1,003",1,"1,18%","1,0000%"
11/2008,415,-,"3038,99","3038,99",FALSE,-,"0,0132",1,1,"1,0038",1,"1,0038",1,"1,0038",1,"1,0036","1,0049","1,0049",1,"1,02%","1,0000%"
12/2008,415,-,"3038,99","3038,99",FALSE,-,"0,0093",1,1,"1,0029",1,"1,0029",1,"1,0029",1,"1,0028","1,0029","1,0029",1,"1,12%","1,0000%"
01/2009,415,-,"3038,99","3038,99",FALSE,-,"0,0064",1,1,"1,0064",1,"1,0064",1,"1,0064",1,"1,0048","1,004","1,004",1,"1,05%","1,0000%"
02/2009,465,-,"3218,9","3218,9",TRUE,"0,0592","0,0772",1,1,"1,0031",1,"1,0031",1,"1,0031",1,"1,0055","1,0063","1,0063",1,"0,86%","1,0000%"
03/2009,465,-,"3218,9","3218,9",FALSE,-,"0,0739",1,1,"1,002",1,"1,002",1,"1,002",1,"1,002","1,0011","1,0011",1,"0,97%","1,0000%"
04/2009,465,-,"3218,9","3218,9",FALSE,-,"0,0717",1,1,"1,0055",1,"1,0055",1,"1,0055",1,"1,0048","1,0036","1,0036",1,"0,84%","1,0000%"
05/2009,465,-,"3218,9","3218,9",FALSE,-,"0,0658",1,1,"1,006",1,"1,006",1,"1,006",1,"1,0047","1,0059","1,0059",1,"0,77%","1,0000%"
06/2009,465,-,"3218,9","3218,9",FALSE,-,"0,0595",1,1,"1,0042",1,"1,0042",1,"1,0042",1,"1,0036","1,0038","1,0038",1,"0,76%","1,0000%"
07/2009,465,-,"3218,9","3218,9",FALSE,-,"0,0551",1,1,"1,0023",1,"1,001051",1,"1,0023",1,"1,0024","1,0022","1,0022",1,"0,79%","0,5000%"
08/2009,465,-,"3218,9","3218,9",FALSE,-,"0,0526",1,1,"1,0008",1,"1,000197",1,"1,0008",1,"1,0015","1,0023","1,0023",1,"0,69%","0,5000%"
09/2009,465,-,"3218,9","3218,9",FALSE,-,"0,0518",1,1,"1,0016",1,1,1,"1,0016",1,"1,0024","1,0019","1,0019",1,"0,69%","0,5000%"
10/2009,465,-,"3218,9","3218,9",FALSE,-,"0,0501",1,1,"1,0024",1,1,1,"1,0024",1,"1,0028","1,0018","1,0018",1,"0,69%","0,5000%"
11/2009,465,-,"3218,9","3218,9",FALSE,-,"0,0477",1,1,"1,0037",1,1,1,"1,0037",1,"1,0041","1,0044","1,0044",1,"0,66%","0,5000%"
12/2009,465,-,"3218,9","3218,9",FALSE,-,"0,0438",1,1,"1,0024",1,"1,000533",1,"1,0024",1,"1,0037","1,0038","1,0038",1,"0,73%","0,5000%"
01/2010,510,-,"3467,4","3467,4",TRUE,"0,0772","0,0647",1,1,"1,0088",1,1,1,"1,0088",1,"1,0075","1,0052","1,0052",1,"0,66%","0,5000%"
02/2010,510,-,"3467,4","3467,4",FALSE,-,"0,0554",1,1,"1,007",1,1,1,"1,007",1,"1,0078","1,0094","1,0094",1,"0,59%","0,5000%"
03/2010,510,-,"3467,4","3467,4",FALSE,-,"0,048",1,1,"1,0071",1,"1,000792",1,"1,0071",1,"1,0052","1,0055","1,0055",1,"0,76%","0,5000%"
04/2010,510,-,"3467,4","3467,4",FALSE,-,"0,0406",1,1,"1,0073",1,1,1,"1,0073",1,"1,0057","1,0048","1,0048",1,"0,67%","0,5000%"
05/2010,510,-,"3467,4","3467,4",FALSE,-,"0,0331",1,1,"1,0043",1,"1,00051",1,"1,0043",1,"1,0043","1,0063","1,0063",1,"0,75%","0,5000%"
06/2010,510,-,"3467,4","3467,4",FALSE,-,"0,0287",1,1,"0,9989",1,"1,000589",1,"0,9989",1,1,"1,0019","1,0019",1,"0,79%","0,5000%"
07/2010,510,-,"3467,4","3467,4",FALSE,-,"0,0298",1,1,"0,9993",1,"1,001151",1,"0,9993",1,"1,0001","0,9991","0,9991",1,"0,86%","0,5000%"
08/2010,510,-,"3467,4","3467,4",FALSE,-,"0,0305",1,1,"0,9993",1,"1,000909",1,"0,9993",1,"1,0004","0,9995","0,9995",1,"0,89%","0,5000%"
09/2010,510,-,"3467,4","3467,4",FALSE,-,"0,0313",1,1,"1,0054",1,"1,000702",1,"1,0054",1,"1,0045","1,0031","1,0031",1,"0,85%","0,5000%"
10/2010,510,-,"3467,4","3467,4",FALSE,-,"0,0257",1,1,"1,0092",1,"1,000472",1,"1,0092",1,"1,0075","1,0062","1,0062",1,"0,81%","0,5000%"
11/2010,510,-,"3467,4","3467,4",FALSE,-,"0,0164",1,1,"1,0103",1,"1,000336",1,"1,0103",1,"1,0083","1,0086","1,0086",1,"0,81%","0,5000%"
12/2010,510,-,"3467,4","3467,4",FALSE,-,"0,006",1,1,"1,006",1,"1,001406",1,"1,006",1,"1,0063","1,0069","1,0069",1,"0,93%","0,5000%"
01/2011,540,-,"3691,74","3691,74",TRUE,"0,0647","0,0608",1,1,"1,0094",1,"1,000715",1,"1,0094",1,"1,0083","1,0076","1,0076",1,"0,86%","0,5000%"
02/2011,540,-,"3691,74","3691,74",FALSE,-,"0,0509",1,1,"1,0054",1,"1,000524",1,"1,0054",1,"1,008","1,0097","1,0097",1,"0,84%","0,5000%"
03/2011,545,-,"3691,74","3691,74",FALSE,-,"0,0453",1,1,"1,0066",1,"1,001212",1,"1,0066",1,"1,0079","1,006","1,006",1,"0,92%","0,5000%"
04/2011,545,-,"3691,74","3691,74",FALSE,-,"0,0384",1,1,"1,0072",1,"1,000369",1,"1,0072",1,"1,0077","1,0077","1,0077",1,"0,84%","0,5000%"
05/2011,545,-,"3691,74","3691,74",FALSE,-,"0,031",1,1,"1,0057",1,"1,00157",1,"1,0057",1,"1,0047","1,007","1,007",1,"0,99%","0,5000%"
06/2011,545,-,"3691,74","3691,74",FALSE,-,"0,0252",1,1,"1,0022",1,"1,001114",1,"1,0022",1,"1,0015","1,0023","1,0023",1,"0,96%","0,5000%"
07/2011,545,-,"3691,74","3691,74",FALSE,-,"0,0229",1,1,1,1,"1,001229",1,1,1,"1,0016","1,001","1,001",1,"0,97%","0,5000%"
08/2011,545,-,"3691,74","3691,74",FALSE,-,"0,0229",1,1,"1,0042",1,"1,002076",1,"1,0042",1,"1,0037","1,0027","1,0027",1,"1,07%","0,5000%"
09/2011,545,-,"3691,74","3691,74",FALSE,-,"0,0186",1,1,"1,0045",1,"1,001003",1,"1,0045",1,"1,0053","1,0053","1,0053",1,"0,94%","0,5000%"
10/2011,545,-,"3691,74","3691,74",FALSE,-,"0,0141",1,1,"1,0032",1,"1,00062",1,"1,0032",1,"1,0043","1,0042","1,0042",1,"0,88%","0,5000%"
11/2011,545,-,"3691,74","3691,74",FALSE,-,"0,0108",1,1,"1,0057",1,"1,000645",1,"1,0057",1,"1,0052","1,0046","1,0046",1,"0,86%","0,5000%"
12/2011,545,-,"3691,74","3691,74",FALSE,-,"0,0051",1,1,"1,0051",1,"1,000937",1,"1,0051",1,"1,005","1,0056","1,0056",1,"0,91%","0,5000%"
01/2012,622,-,"3916,2","3916,2",TRUE,"0,0608","0,062",1,1,"1,0051",1,"1,000864",1,"1,0051",1,"1,0056","1,0065","1,0065",1,"0,89%","0,5000%"
02/2012,622,-,"3916,2","3916,2",FALSE,-,"0,0566",1,1,"1,0039",1,1,1,"1,0039",1,"1,0045","1,0053","1,0053",1,"0,75%","0,5000%"
03/2012,622,-,"3916,2","3916,2",FALSE,-,"0,0525",1,1,"1,0018",1,"1,001068",1,"1,0018",1,"1,0021","1,0025","1,0025",1,"0,82%","0,5000%"
04/2012,622,-,"3916,2","3916,2",FALSE,-,"0,0506",1,1,"1,0064",1,"1,000227",1,"1,0064",1,"1,0064","1,0043","1,0043",1,"0,71%","0,5000%"
05/2012,622,-,"3916,2","3916,2",FALSE,-,"0,0439",1,1,"1,0055",1,"1,000468",1,"1,0055",1,"1,0036","1,0051","1,0051",1,"0,74%","0,5000%"
06/2012,622,-,"3916,2","3916,2",FALSE,-,"0,0382",1,1,"1,0026",1,1,1,"1,0026",1,"1,0008","1,0018","1,0018",1,"0,64%","0,4828%"
07/2012,622,-,"3916,2","3916,2",FALSE,-,"0,0355",1,1,"1,0043",1,"1,000144",1,"1,0043",1,"1,0043","1,0033","1,0033",1,"0,68%","0,4828%"
08/2012,622,-,"3916,2","3916,2",FALSE,-,"0,0311",1,1,"1,0045",1,"1,000123",1,"1,0045",1,"1,0041","1,0039","1,0039",1,"0,69%","0,4551%"
09/2012,622,-,"3916,2","3916,2",FALSE,-,"0,0265",1,1,"1,0063",1,1,1,"1,0063",1,"1,0057","1,0048","1,0048",1,"0,54%","0,4273%"
10/2012,622,-,"3916,2","3916,2",FALSE,-,"0,02",1,1,"1,0071",1,1,1,"1,0071",1,"1,0059","1,0065","1,0065",1,"0,61%","0,4273%"
11/2012,622,-,"3916,2","3916,2",FALSE,-,"0,0128",1,1,"1,0054",1,1,1,"1,0054",1,"1,006","1,0054","1,0054",1,"0,55%","0,4134%"
12/2012,622,-,"3916,2","3916,2",FALSE,-,"0,0074",1,1,"1,0074",1,1,1,"1,0074",1,"1,0079","1,0069","1,0069",1,"0,55%","0,4134%"
01/2013,678,-,4159,4159,TRUE,"0,062","0,0556",1,1,"1,0092",1,1,1,"1,0092",1,"1,0086","1,0088","1,0088",1,"0,60%","0,4134%"
02/2013,678,-,4159,4159,FALSE,-,"0,046",1,1,"1,0052",1,1,1,"1,0052",1,"1,006","1,0068","1,0068",1,"0,49%","0,4134%"
03/2013,678,-,4159,4159,FALSE,-,"0,0406",1,1,"1,006",1,1,1,"1,006",1,"1,0047","1,0049","1,0049",1,"0,55%","0,4134%"
04/2013,678,-,4159,4159,FALSE,-,"0,0344",1,1,"1,0059",1,1,1,"1,0059",1,"1,0055","1,0051","1,0051",1,"0,61%","0,4134%"
05/2013,678,-,4159,4159,FALSE,-,"0,0283",1,1,"1,0035",1,1,1,"1,0035",1,"1,0037","1,0046","1,0046",1,"0,60%","0,4273%"
06/2013,678,-,4159,4159,FALSE,-,"0,0247",1,1,"1,0028",1,1,1,"1,0028",1,"1,0026","1,0038","1,0038",1,"0,61%","0,4551%"
07/2013,678,-,4159,4159,FALSE,-,"0,0219",1,1,"0,9987",1,"1,000209",1,"0,9987",1,"1,0003","1,0007","1,0007",1,"0,72%","0,4551%"
08/2013,678,-,4159,4159,FALSE,-,"0,0232",1,1,"1,0016",1,1,1,"1,0016",1,"1,0024","1,0016","1,0016",1,"0,71%","0,4828%"
09/2013,678,-,4159,4159,FALSE,-,"0,0216",1,1,"1,0027",1,"1,000079",1,"1,0027",1,"1,0035","1,0027","1,0027",1,"0,71%","0,5000%"
10/2013,678,-,4159,4159,FALSE,-,"0,0188",1,1,"1,0061",1,"1,00092",1,"1,0061",1,"1,0057","1,0048","1,0048",1,"0,81%","0,5000%"
11/2013,678,-,4159,4159,FALSE,-,"0,0126",1,1,"1,0054",1,"1,000207",1,"1,0054",1,"1,0054","1,0057","1,0057",1,"0,72%","0,5000%"
12/2013,678,-,4159,4159,FALSE,-,"0,0072",1,1,"1,0072",1,"1,000494",1,"1,0072",1,"1,0092","1,0075","1,0075",1,"0,79%","0,5000%"
01/2014,724,-,"4390,24","4390,24",TRUE,"0,0556","0,0623",1,1,"1,0063",1,"1,001126",1,"1,0063",1,"1,0055","1,0067","1,0067",1,"0,85%","0,5000%"
02/2014,724,-,"4390,24","4390,24",FALSE,-,"0,0556",1,1,"1,0064",1,"1,000537",1,"1,0064",1,"1,0069","1,007","1,007",1,"0,79%","0,5000%"
03/2014,724,-,"4390,24","4390,24",FALSE,-,"0,0489",1,1,"1,0082",1,"1,000266",1,"1,0082",1,"1,0092","1,0073","1,0073",1,"0,77%","0,5000%"
04/2014,724,-,"4390,24","4390,24",FALSE,-,"0,0404",1,1,"1,0078",1,"1,000459",1,"1,0078",1,"1,0067","1,0078","1,0078",1,"0,82%","0,5000%"
05/2014,724,-,"4390,24","4390,24",FALSE,-,"0,0323",1,1,"1,006",1,"1,000604",1,"1,006",1,"1,0046","1,0058","1,0058",1,"0,87%","0,5000%"
06/2014,724,-,"4390,24","4390,24",FALSE,-,"0,0262",1,1,"1,0026",1,"1,000465",1,"1,0026",1,"1,004","1,0047","1,0047",1,"0,82%","0,5000%"
07/2014,724,-,"4390,24","4390,24",FALSE,-,"0,0235",1,1,"1,0013",1,"1,001054",1,"1,0013",1,"1,0001","1,0017","1,0017",1,"0,95%","0,5000%"
08/2014,724,-,"4390,24","4390,24",FALSE,-,"0,0222",1,1,"1,0018",1,"1,000602",1,"1,0018",1,"1,0025","1,0014","1,0014",1,"0,87%","0,5000%"
09/2014,724,-,"4390,24","4390,24",FALSE,-,"0,0204",1,1,"1,0049",1,"1,000873",1,"1,0049",1,"1,0057","1,0039","1,0039",1,"0,91%","0,5000%"
10/2014,724,-,"4390,24","4390,24",FALSE,-,"0,0154",1,1,"1,0038",1,"1,001038",1,"1,0038",1,"1,0042","1,0048","1,0048",1,"0,95%","0,5000%"
11/2014,724,-,"4390,24","4390,24",FALSE,-,"0,0115",1,1,"1,0053",1,"1,000483",1,"1,0053",1,"1,0051","1,0038","1,0038",1,"0,84%","0,5000%"
12/2014,724,-,"4390,24","4390,24",FALSE,-,"0,0062",1,1,"1,0062",1,"1,001053",1,"1,0062",1,"1,0078","1,0079","1,0079",1,"0,96%","0,5000%"
01/2015,788,-,"4663,75","4663,75",TRUE,"0,0623","0,1128",1,1,"1,0148",1,"1,000878",1,"1,0148",1,"1,0124","1,0089","1,0089",1,"0,94%","0,5000%"
02/2015,788,-,"4663,75","4663,75",FALSE,-,"0,0965",1,1,"1,0116",1,"1,000168",1,"1,0116",1,"1,0122","1,0133","1,0133",1,"0,82%","0,5000%"
03/2015,788,-,"4663,75","4663,75",FALSE,-,"0,084",1,1,"1,0151",1,"1,001296",1,"1,0151",1,"1,0132","1,0124","1,0124",1,"1,04%","0,5000%"
04/2015,788,-,"4663,75","4663,75",FALSE,-,"0,0678",1,1,"1,0071",1,"1,001074",1,"1,0071",1,"1,0071","1,0107","1,0107",1,"0,95%","0,5000%"
05/2015,788,-,"4663,75","4663,75",FALSE,-,"0,0603",1,1,"1,0099",1,"1,001153",1,"1,0099",1,"1,0074","1,006","1,006",1,"0,99%","0,5000%"
06/2015,788,-,"4663,75","4663,75",FALSE,-,"0,0499",1,1,"1,0077",1,"1,001813",1,"1,0077",1,"1,0079","1,0099","1,0099",1,"1,07%","0,5000%"
07/2015,788,-,"4663,75","4663,75",FALSE,-,"0,0419",1,1,"1,0058",1,"1,002305",1,"1,0058",1,"1,0062","1,0059","1,0059",1,"1,18%","0,5000%"
08/2015,788,-,"4663,75","4663,75",FALSE,-,"0,0359",1,1,"1,0025",1,"1,001867",1,"1,0025",1,"1,0022","1,0043","1,0043",1,"1,11%","0,5000%"
09/2015,788,-,"4663,75","4663,75",FALSE,-,"0,0333",1,1,"1,0051",1,"1,00192",1,"1,0051",1,"1,0054","1,0039","1,0039",1,"1,11%","0,5000%"
10/2015,788,-,"4663,75","4663,75",FALSE,-,"0,0281",1,1,"1,0077",1,"1,00179",1,"1,0077",1,"1,0082","1,0066","1,0066",1,"1,11%","0,5000%"
11/2015,788,-,"4663,75","4663,75",FALSE,-,"0,0202",1,1,"1,0111",1,"1,001297",1,"1,0111",1,"1,0101","1,0085","1,0085",1,"1,06%","0,5000%"
12/2015,788,-,"4663,75","4663,75",FALSE,-,"0,009",1,1,"1,009",1,"1,00225",1,"1,009",1,"1,0096","1,0118","1,0118",1,"1,16%","0,5000%"
01/2016,880,-,"5189,82","5189,82",TRUE,"0,1128","0,0658",1,1,"1,0151",1,"1,00132",1,"1,0151",1,"1,0127","1,0092","1,0092",1,"1,06%","0,5000%"
02/2016,880,-,"5189,82","5189,82",FALSE,-,"0,0499",1,1,"1,0095",1,"1,000957",1,"1,0095",1,"1,009","1,0142","1,0142",1,"1,00%","0,5000%"
03/2016,880,-,"5189,82","5189,82",FALSE,-,"0,0401",1,1,"1,0044",1,"1,002168",1,"1,0044",1,"1,0043","1,0043","1,0043",1,"1,16%","0,5000%"
04/2016,880,-,"5189,82","5189,82",FALSE,-,"0,0355",1,1,"1,0064",1,"1,001304",1,"1,0064",1,"1,0061","1,0051","1,0051",1,"1,06%","0,5000%"
05/2016,880,-,"5189,82","5189,82",FALSE,-,"0,0289",1,1,"1,0098",1,"1,001533",1,"1,0098",1,"1,0078","1,0086","1,0086",1,"1,11%","0,5000%"
06/2016,880,-,"5189,82","5189,82",FALSE,-,"0,0189",1,1,"1,0047",1,"1,002043",1,"1,0047",1,"1,0035","1,004","1,004",1,"1,16%","0,5000%"
07/2016,880,-,"5189,82","5189,82",FALSE,-,"0,0142",1,1,"1,0064",1,"1,001621",1,"1,0064",1,"1,0052","1,0054","1,0054",1,"1,11%","0,5000%"
08/2016,880,-,"5189,82","5189,82",FALSE,-,"0,0077",1,1,"1,0031",1,"1,002545",1,"1,0031",1,"1,0044","1,0045","1,0045",1,"1,22%","0,5000%"
09/2016,880,-,"5189,82","5189,82",FALSE,-,"0,0046",1,1,"1,0008",1,"1,001575",1,"1,0008",1,"1,0008","1,0023","1,0023",1,"1,11%","0,5000%"
10/2016,880,-,"5189,82","5189,82",FALSE,-,"0,0038",1,1,"1,0017",1,"1,001601",1,"1,0017",1,"1,0026","1,0019","1,0019",1,"1,05%","0,5000%"
11/2016,880,-,"5189,82","5189,82",FALSE,-,"0,0021",1,1,"1,0007",1,"1,001428",1,"1,0007",1,"1,0018","1,0026","1,0026",1,"1,04%","0,5000%"
12/2016,880,-,"5189,82","5189,82",FALSE,-,"0,0014",1,1,"1,0014",1,"1,001849",1,"1,0014",1,"1,003","1,0019","1,0019",1,"1,12%","0,5000%"
01/2017,937,-,"5531,31","5531,31",TRUE,"0,0658","0,0207",1,1,"1,0042",1,"1,0017",1,"1,0042",1,"1,0038","1,0031","1,0031",1,"1,09%","0,5000%"
02/2017,937,-,"5531,31","5531,31",FALSE,-,"0,0164",1,1,"1,0024",1,"1,000302",1,"1,0024",1,"1,0033","1,0054","1,0054",1,"0,87%","0,5000%"
03/2017,937,-,"5531,31","5531,31",FALSE,-,"0,014",1,1,"1,0032",1,"1,001519",1,"1,0032",1,"1,0025","1,0015","1,0015",1,"1,05%","0,5000%"
04/2017,937,-,"5531,31","5531,31",FALSE,-,"0,0107",1,1,"1,0008",1,1,1,"1,0008",1,"1,0014","1,0021","1,0021",1,"0,79%","0,5000%"
05/2017,937,-,"5531,31","5531,31",FALSE,-,"0,0099",1,1,"1,0036",1,"1,000764",1,"1,0036",1,"1,0031","1,0024","1,0024",1,"0,93%","0,5000%"
06/2017,937,-,"5531,31","5531,31",FALSE,-,"0,0063",1,1,"0,997",1,"1,000536",1,"0,997",1,"0,9977","1,0016","1,0016",1,"0,81%","0,5000%"
07/2017,937,-,"5531,31","5531,31",FALSE,-,"0,0093",1,1,"1,0017",1,"1,000623",1,"1,0017",1,"1,0024","0,9982","0,9982",1,"0,80%","0,5000%"
08/2017,937,-,"5531,31","5531,31",FALSE,-,"0,0076",1,1,"0,9997",1,"1,000509",1,"0,9997",1,"1,0019","1,0035","1,0035",1,"0,80%","0,5000%"
09/2017,937,-,"5531,31","5531,31",FALSE,-,"0,0079",1,1,"0,9998",1,1,1,"0,9998",1,"1,0016","1,0011","1,0011",1,"0,64%","0,5000%"
10/2017,937,-,"5531,31","5531,31",FALSE,-,"0,0081",1,1,"1,0037",1,1,1,"1,0037",1,"1,0042","1,0034","1,0034",1,"0,64%","0,4690%"
11/2017,937,-,"5531,31","5531,31",FALSE,-,"0,0044",1,1,"1,0018",1,1,1,"1,0018",1,"1,0028","1,0032","1,0032",1,"0,57%","0,4273%"
12/2017,937,-,"5531,31","5531,31",FALSE,-,"0,0026",1,1,"1,0026",1,1,1,"1,0026",1,"1,0044","1,0035","1,0035",1,"0,54%","0,4273%"
01/2018,954,-,"5645,8","5645,8",TRUE,"0,0207","0,0343",1,1,"1,0023",1,1,1,"1,0023",1,"1,0029","1,0039","1,0039",1,"0,58%","0,3994%"
02/2018,954,-,"5645,8","5645,8",FALSE,-,"0,032",1,1,"1,0018",1,1,1,"1,0018",1,"1,0032","1,0038","1,0038",1,"0,47%","0,3994%"
03/2018,954,-,"5645,8","5645,8",FALSE,-,"0,0301",1,1,"1,0007",1,1,1,"1,0007",1,"1,0009","1,001","1,001",1,"0,53%","0,3855%"
04/2018,954,-,"5645,8","5645,8",FALSE,-,"0,0294",1,1,"1,0021",1,1,1,"1,0021",1,"1,0022","1,0021","1,0021",1,"0,52%","0,3715%"
05/2018,954,-,"5645,8","5645,8",FALSE,-,"0,0272",1,1,"1,0043",1,1,1,"1,0043",1,"1,004","1,0014","1,0014",1,"0,52%","0,3715%"
06/2018,954,-,"5645,8","5645,8",FALSE,-,"0,0228",1,1,"1,0143",1,1,1,"1,0143",1,"1,0126","1,0111","1,0111",1,"0,52%","0,3715%"
07/2018,954,-,"5645,8","5645,8",FALSE,-,"0,0084",1,1,"1,0025",1,1,1,"1,0025",1,"1,0033","1,0064","1,0064",1,"0,54%","0,3715%"
08/2018,954,-,"5645,8","5645,8",FALSE,-,"0,0059",1,1,1,1,1,1,1,1,"0,9991","1,0013","1,0013",1,"0,57%","0,3715%"
09/2018,954,-,"5645,8","5645,8",FALSE,-,"0,0059",1,1,"1,003",1,1,1,"1,003",1,"1,0048","1,0009","1,0009",1,"0,47%","0,3715%"
10/2018,954,-,"5645,8","5645,8",FALSE,-,"0,0029",1,1,"1,004",1,1,1,"1,004",1,"1,0045","1,0058","1,0058",1,"0,54%","0,3715%"
11/2018,954,-,"5645,8","5645,8",FALSE,-,-,1,1,"0,9975",1,1,1,"0,9975",1,"0,9979","1,0019","1,0019",1,"0,49%","0,3715%"
12/2018,954,-,"5645,8","5645,8",FALSE,-,"0,0014",1,1,"1,0014",1,1,1,"1,0014",1,"1,0015","0,9984","0,9984",1,"0,49%","0,3715%"
01/2019,998,-,"5839,45","5839,45",TRUE,"0,0343","0,0448",1,1,"1,0036",1,1,1,"1,0036",1,"1,0032","1,003","1,003",1,"0,54%","0,3715%"
02/2019,998,-,"5839,45","5839,45",FALSE,-,"0,0411",1,1,"1,0054",1,1,1,"1,0054",1,"1,0043","1,0034","1,0034",1,"0,49%","0,3715%"
03/2019,998,-,"5839,45","5839,45",FALSE,-,"0,0355",1,1,"1,0077",1,1,1,"1,0077",1,"1,0075","1,0054","1,0054",1,"0,47%","0,3715%"
04/2019,998,-,"5839,45","5839,45",FALSE,-,"0,0276",1,1,"1,006",1,1,1,"1,006",1,"1,0057","1,0072","1,0072",1,"0,52%","0,3715%"
05/2019,998,-,"5839,45","5839,45",FALSE,-,"0,0214",1,1,"1,0015",1,1,1,"1,0015",1,"1,0013","1,0035","1,0035",1,"0,54%","0,3715%"
06/2019,998,-,"5839,45","5839,45",FALSE,-,"0,0199",1,1,"1,0001",1,1,1,"1,0001",1,"1,0001","1,0006","1,0006",1,"0,47%","0,3715%"
07/2019,998,-,"5839,45","5839,45",FALSE,-,"0,0198",1,1,"1,001",1,1,1,"1,001",1,"1,0019","1,0009","1,0009",1,"0,57%","0,3715%"
08/2019,998,-,"5839,45","5839,45",FALSE,-,"0,0188",1,1,"1,0012",1,1,1,"1,0012",1,"1,0011","1,0008","1,0008",1,"0,50%","0,3434%"
09/2019,998,-,"5839,45","5839,45",FALSE,-,"0,0176",1,1,"0,9995",1,1,1,"0,9995",1,"0,9996","1,0009","1,0009",1,"0,46%","0,3434%"
10/2019,998,-,"5839,45","5839,45",FALSE,-,"0,0181",1,1,"1,0004",1,1,1,"1,0004",1,"1,001","1,0009","1,0009",1,"0,48%","0,3153%"
11/2019,998,-,"5839,45","5839,45",FALSE,-,"0,0177",1,1,"1,0054",1,1,1,"1,0054",1,"1,0051","1,0014","1,0014",1,"0,38%","0,2871%"
12/2019,998,-,"5839,45","5839,45",FALSE,-,"0,0122",1,1,"1,0122",1,1,1,"1,0122",1,"1,0115","1,0105","1,0105",1,"0,37%","0,2871%"
01/2020,1039,-,"6101,06","6101,06",TRUE,"0,0448","0,0545",1,1,"1,0019",1,1,1,"1,0019",1,"1,0021","1,0071","1,0071",1,"0,38%","0,2588%"
02/2020,1045,-,"6101,06","6101,06",FALSE,-,"0,0525",1,1,"1,0017",1,1,1,"1,0017",1,"1,0025","1,0022","1,0022",1,"0,29%","0,2588%"
03/2020,1045,-,"6101,06","6101,06",FALSE,-,"0,0507",1,1,"1,0018",1,1,1,"1,0018",1,"1,0007","1,0002","1,0002",1,"0,34%","0,2446%"
04/2020,1045,-,"6101,06","6101,06",FALSE,-,"0,0488",1,1,"0,9977",1,1,1,"0,9977",1,"0,9969","0,9999","0,9999",1,"0,28%","0,2162%"
05/2020,1045,-,"6101,06","6101,06",FALSE,-,"0,0512",1,1,"0,9975",1,1,1,"0,9975",1,"0,9962","0,9941","0,9941",1,"0,24%","0,2162%"
06/2020,1045,-,"6101,06","6101,06",FALSE,-,"0,0539",1,1,"1,003",1,1,1,"1,003",1,"1,0026","1,0002","1,0002",1,"0,21%","0,1733%"
07/2020,1045,-,"6101,06","6101,06",FALSE,-,"0,0507",1,1,"1,0044",1,1,1,"1,0044",1,"1,0036","1,003","1,003",1,"0,19%","0,1303%"
08/2020,1045,-,"6101,06","6101,06",FALSE,-,"0,0461",1,1,"1,0036",1,1,1,"1,0036",1,"1,0024","1,0023","1,0023",1,"0,16%","0,1303%"
09/2020,1045,-,"6101,06","6101,06",FALSE,-,"0,0423",1,1,"1,0087",1,1,1,"1,0087",1,"1,0064","1,0045","1,0045",1,"0,16%","0,1159%"
10/2020,1045,-,"6101,06","6101,06",FALSE,-,"0,0334",1,1,"1,0089",1,1,1,"1,0089",1,"1,0086","1,0094","1,0094",1,"0,16%","0,1159%"
11/2020,1045,-,"6101,06","6101,06",FALSE,-,"0,0242",1,1,"1,0095",1,1,1,"1,0095",1,"1,0089","1,0081","1,0081",1,"0,15%","0,1159%"
12/2020,1045,-,"6101,06","6101,06",FALSE,-,"0,0146",1,1,"1,0146",1,1,1,"1,0146",1,"1,0135","1,0106","1,0106",1,"0,16%","0,1159%"
01/2021,1100,-,"6433,57","6433,57",TRUE,"0,0545","0,1016",1,1,"1,0027",1,1,1,"1,0027",1,"1,0025","1,0078","1,0078",1,"0,15%","0,1159%"
02/2021,1100,-,"6433,57","6433,57",FALSE,-,"0,0986",1,1,"1,0082",1,1,1,"1,0082",1,"1,0086","1,0048","1,0048",1,"0,13%","0,1159%"
03/2021,1100,-,"6433,57","6433,57",FALSE,-,"0,0897",1,1,"1,0086",1,1,1,"1,0086",1,"1,0093","1,0093","1,0093",1,"0,20%","0,1159%"
04/2021,1100,-,"6433,57","6433,57",FALSE,-,"0,0804",1,1,"1,0038",1,1,1,"1,0038",1,"1,0031","1,006","1,006",1,"0,21%","0,1590%"
05/2021,1100,-,"6433,57","6433,57",FALSE,-,"0,0763",1,1,"1,0096",1,1,1,"1,0096",1,"1,0083","1,0044","1,0044",1,"0,27%","0,1590%"
06/2021,1100,-,"6433,57","6433,57",FALSE,-,"0,0661",1,1,"1,006",1,1,1,"1,006",1,"1,0053","1,0083","1,0083",1,"0,31%","0,2019%"
07/2021,1100,-,"6433,57","6433,57",FALSE,-,"0,0597",1,1,"1,0102",1,1,1,"1,0102",1,"1,0096","1,0072","1,0072",1,"0,36%","0,2446%"
08/2021,1100,-,"6433,57","6433,57",FALSE,-,"0,049",1,1,"1,0088",1,1,1,"1,0088",1,"1,0087","1,0089","1,0089",1,"0,43%","0,2446%"
09/2021,1100,-,"6433,57","6433,57",FALSE,-,"0,0399",1,1,"1,012",1,1,1,"1,012",1,"1,0116","1,0114","1,0114",1,"0,44%","0,3012%"
10/2021,1100,-,"6433,57","6433,57",FALSE,-,"0,0275",1,1,"1,0116",1,1,1,"1,0116",1,"1,0125","1,012","1,012",1,"0,49%","0,3575%"
11/2021,1100,-,"6433,57","6433,57",FALSE,-,"0,0158",1,1,"1,0084",1,1,1,"1,0084",1,"1,0095","1,0117","1,0117",1,"0,59%","0,4412%"
12/2021,1100,-,"6433,57","6433,57",FALSE,-,"0,0073",1,1,"1,0073",1,"1,000488",1,"1,0073",1,"1,0073","1,0078","1,0078",1,"0,77%","0,4412%"
01/2022,1212,-,"7087,22","7087,22",TRUE,"0,1016",-,1,1,"1,0067",1,"1,000605",1,"1,0067",1,"1,0054","1,0058","1,0058",1,"0,73%","0,5000%"
02/2022,1212,-,"7087,22","7087,22",FALSE,-,-,1,1,"1,01",1,1,1,"1,01",1,"1,0101","1,0099","1,0099",1,"0,76%","0,5000%"
03/2022,1212,-,"7087,22","7087,22",FALSE,-,-,1,1,"1,0171",1,"1,000971",1,"1,0171",1,"1,0162","1,0095","1,0095",1,"0,93%","0,5000%"
04/2022,1212,-,"7087,22","7087,22",FALSE,-,-,1,1,"1,0104",1,"1,000555",1,"1,0104",1,"1,0106","1,0173","1,0173",1,"0,83%","0,5000%"
05/2022,1212,-,"7087,22","7087,22",FALSE,-,-,1,1,-,1,"1,001663",1,-,1,-,"1,0059","1,0059",1,"1,03%","0,5000%"
06/2022,1212,-,"7087,22","7087,22",FALSE,-,-,1,1,-,1,"1,001484",1,-,1,-,-,1,1,"0,00%","0,5000%"
