data;salarioMinimo;salarioMinimoReferencia;tetoContribuicao;tetoBeneficio;integral;proporcional;multiplicadorMoeda;ajusteMoeda;indiceAtualizado;indiceAcumulado;indiceRes134;indiceRes134Acumulado;indiceSalarios;indiceSalariosAcumulado;ipca;ipcaE;indiceCondenatorias;indiceCondenatoriasAcumulado;selic;juros;jurosAlt
01/10/1964;42000,0;-;210000,0;210000,0;0,0;0,0;1,0;1,0E-6;1,00;0,00;1,00;0,00;1,00;0,00;-;-;1,00;0,00;-;0,01;0,005
01/11/1964;42000,0;-;210000,0;210000,0;0,0;0,0;1,0;1,0E-6;1,00;0,00;1,00;0,00;1,00;0,00;-;-;1,00;0,00;-;0,01;0,005
01/12/1964;42000,0;-;210000,0;210000,0;0,0;0,0;1,0;1,0E-6;1,13;0,00;1,13;0,00;1,13;0,00;-;-;1,13;0,00;-;0,01;0,005
01/01/1965;42000,0;-;210000,0;210000,0;0,0;0,0;1,0;1,0E-6;1,00;0,00;1,00;0,00;1,00;0,00;-;-;1,00;0,00;-;0,01;0,005
01/02/1965;42000,0;-;210000,0;210000,0;0,0;0,0;1,0;1,0E-6;1,00;0,00;1,00;0,00;1,00;0,00;-;-;1,00;0,00;-;0,01;0,005
01/03/1965;66000,0;-;330000,0;330000,0;0,0;0,0;1,0;1,0E-6;1,19;0,00;1,19;0,00;1,19;0,00;-;-;1,19;0,00;-;0,01;0,005
01/04/1965;66000,0;-;330000,0;330000,0;0,0;0,0;1,0;1,0E-6;1,00;0,00;1,00;0,00;1,00;0,00;-;-;1,00;0,00;-;0,01;0,005
01/05/1965;66000,0;-;330000,0;330000,0;0,0;0,0;1,0;1,0E-6;1,00;0,00;1,00;0,00;1,00;0,00;-;-;1,00;0,00;-;0,01;0,005
01/06/1965;66000,0;-;330000,0;330000,0;0,0;0,0;1,0;1,0E-6;1,13;0,00;1,13;0,00;1,13;0,00;-;-;1,13;0,00;-;0,01;0,005
01/07/1965;66000,0;-;330000,0;330000,0;0,0;0,0;1,0;1,0E-6;1,00;0,00;1,00;0,00;1,00;0,00;-;-;1,00;0,00;-;0,01;0,005
01/08/1965;66000,0;-;330000,0;330000,0;0,0;0,0;1,0;1,0E-6;1,03;0,00;1,03;0,00;1,03;0,00;-;-;1,03;0,00;-;0,01;0,005
01/09/1965;66000,0;-;330000,0;330000,0;0,0;0,0;1,0;1,0E-6;1,01;0,00;1,01;0,00;1,01;0,00;-;-;1,01;0,00;-;0,01;0,005
01/10/1965;66000,0;-;330000,0;330000,0;0,0;0,0;1,0;1,0E-6;1,01;0,00;1,01;0,00;1,01;0,00;-;-;1,01;0,00;-;0,01;0,005
01/11/1965;66000,0;-;330000,0;330000,0;0,0;0,0;1,0;1,0E-6;1,02;0,00;1,02;0,00;1,02;0,00;-;-;1,02;0,00;-;0,01;0,005
01/12/1965;66000,0;-;330000,0;330000,0;0,0;0,0;1,0;1,0E-6;1,02;0,00;1,02;0,00;1,02;0,00;-;-;1,02;0,00;-;0,01;0,005
01/01/1966;66000,0;-;330000,0;330000,0;0,0;0,0;1,0;1,0E-6;1,03;0,00;1,03;0,00;1,03;0,00;-;-;1,03;0,00;-;0,01;0,005
01/02/1966;66000,0;-;330000,0;330000,0;0,0;0,0;1,0;1,0E-6;1,01;0,00;1,01;0,00;1,01;0,00;-;-;1,01;0,00;-;0,01;0,005
01/03/1966;84000,0;-;420000,0;420000,0;0,0;0,0;1,0;1,0E-6;1,02;0,00;1,02;0,00;1,02;0,00;-;-;1,02;0,00;-;0,01;0,005
01/04/1966;84000,0;-;420000,0;420000,0;0,0;0,0;1,0;1,0E-6;1,04;0,00;1,04;0,00;1,04;0,00;-;-;1,04;0,00;-;0,01;0,005
01/05/1966;84000,0;-;420000,0;420000,0;0,0;0,0;1,0;1,0E-6;1,04;0,00;1,04;0,00;1,04;0,00;-;-;1,04;0,00;-;0,01;0,005
01/06/1966;84000,0;-;420000,0;420000,0;0,0;0,0;1,0;1,0E-6;1,04;0,00;1,04;0,00;1,04;0,00;-;-;1,04;0,00;-;0,01;0,005
01/07/1966;84000,0;-;420000,0;420000,0;0,0;0,0;1,0;1,0E-6;1,03;0,00;1,03;0,00;1,03;0,00;-;-;1,03;0,00;-;0,01;0,005
01/08/1966;84000,0;-;420000,0;420000,0;0,0;0,0;1,0;1,0E-6;1,03;0,00;1,03;0,00;1,03;0,00;-;-;1,03;0,00;-;0,01;0,005
01/09/1966;84000,0;-;420000,0;420000,0;0,0;0,0;1,0;1,0E-6;1,03;0,00;1,03;0,00;1,03;0,00;-;-;1,03;0,00;-;0,01;0,005
01/10/1966;84000,0;-;420000,0;420000,0;0,0;0,0;1,0;1,0E-6;1,03;0,00;1,03;0,00;1,03;0,00;-;-;1,03;0,00;-;0,01;0,005
01/11/1966;84000,0;-;420000,0;420000,0;0,0;0,0;1,0;1,0E-6;1,02;0,00;1,02;0,00;1,02;0,00;-;-;1,02;0,00;-;0,01;0,005
01/12/1966;84000,0;-;840000,0;840000,0;0,0;0,0;1,0;1,0E-6;1,02;0,00;1,02;0,00;1,02;0,00;-;-;1,02;0,00;-;0,01;0,005
01/01/1967;84000,0;-;840000,0;840000,0;0,0;0,0;1,0;1,0E-6;0,00;0,00;0,00;0,00;0,00;0,00;-;-;0,00;0,00;-;0,01;0,005
01/02/1967;84,0;-;840,0;840,0;0,0;0,0;1,0;1,0E-6;1,02;0,00;1,02;0,00;1,02;3162789,94;-;-;1,02;0,00;-;0,01;0,005
01/03/1967;105,0;-;1050,0;1050,0;0,0;0,0;1,0;1,0E-6;1,01;0,00;1,01;0,00;1,01;3100774,45;-;-;1,01;0,00;-;0,01;0,005
01/04/1967;105,0;-;1050,0;1050,0;0,0;0,0;1,0;1,0E-6;1,02;0,00;1,02;0,00;1,02;3070073,72;-;-;1,02;0,00;-;0,01;0,005
01/05/1967;105,0;-;1050,0;1050,0;0,0;0,0;1,0;1,0E-6;1,02;0,00;1,02;0,00;1,02;3009876,19;-;-;1,02;0,00;-;0,01;0,005
01/06/1967;105,0;-;1050,0;1050,0;0,0;0,0;1,0;1,0E-6;1,03;0,00;1,03;0,00;1,03;2950859,01;-;-;1,03;0,00;-;0,01;0,005
01/07/1967;105,0;-;1050,0;1050,0;0,0;0,0;1,0;1,0E-6;1,03;0,00;1,03;0,00;1,03;2864911,66;-;-;1,03;0,00;-;0,01;0,005
01/08/1967;105,0;-;1050,0;1050,0;0,0;0,0;1,0;1,0E-6;1,02;0,00;1,02;0,00;1,02;2781467,63;-;-;1,02;0,00;-;0,01;0,005
01/09/1967;105,0;-;1050,0;1050,0;0,0;0,0;1,0;1,0E-6;1,00;0,00;1,00;0,00;1,00;2726929,05;-;-;1,00;0,00;-;0,01;0,005
01/10/1967;105,0;-;1050,0;1050,0;0,0;0,0;1,0;1,0E-6;1,01;0,00;1,01;0,00;1,01;2726929,05;-;-;1,01;0,00;-;0,01;0,005
01/11/1967;105,0;-;1050,0;1050,0;0,0;0,0;1,0;1,0E-6;1,01;0,00;1,01;0,00;1,01;2699929,75;-;-;1,01;0,00;-;0,01;0,005
01/12/1967;105,0;-;1050,0;1050,0;0,0;0,0;1,0;1,0E-6;1,02;0,00;1,02;0,00;1,02;2673197,78;-;-;1,02;0,00;-;0,01;0,005
01/01/1968;105,0;-;1050,0;1050,0;0,0;0,0;1,0;1,0E-6;1,02;0,00;1,02;0,00;1,02;2620782,13;-;-;1,02;0,00;-;0,01;0,005
01/02/1968;105,0;-;1050,0;1050,0;0,0;0,0;1,0;1,0E-6;1,01;0,00;1,01;0,00;1,01;2569394,25;-;-;1,01;0,00;-;0,01;0,005
01/03/1968;-;-;1296,0;1296,0;0,0;0,0;1,0;1,0E-6;1,01;0,00;1,01;0,00;1,01;2543954,70;-;-;1,01;0,00;-;0,01;0,005
01/04/1968;-;-;1296,0;1296,0;0,0;0,0;1,0;1,0E-6;1,02;0,00;1,02;0,00;1,02;2518767,03;-;-;1,02;0,00;-;0,01;0,005
01/05/1968;-;-;1296,0;1296,0;0,0;0,0;1,0;1,0E-6;1,03;0,00;1,03;0,00;1,03;2469379,44;-;-;1,03;0,00;-;0,01;0,005
01/06/1968;-;-;1296,0;1296,0;0,0;0,0;1,0;1,0E-6;1,03;0,00;1,03;0,00;1,03;2397455,77;-;-;1,03;0,00;-;0,01;0,005
01/07/1968;-;-;1296,0;1296,0;0,0;0,0;1,0;1,0E-6;1,02;0,00;1,02;0,00;1,02;2327626,96;-;-;1,02;0,00;-;0,01;0,005
01/08/1968;-;-;1296,0;1296,0;0,0;0,0;1,0;1,0E-6;1,02;0,00;1,02;0,00;1,02;2281987,22;-;-;1,02;0,00;-;0,01;0,005
01/09/1968;-;-;1296,0;1296,0;0,0;0,0;1,0;1,0E-6;1,01;0,00;1,01;0,00;1,01;2237242,37;-;-;1,01;0,00;-;0,01;0,005
01/10/1968;-;-;1296,0;1296,0;0,0;0,0;1,0;1,0E-6;1,02;0,00;1,02;0,00;1,02;2215091,45;-;-;1,02;0,00;-;0,01;0,005
01/11/1968;-;-;1296,0;1296,0;0,0;0,0;1,0;1,0E-6;1,02;0,00;1,02;0,00;1,02;2171658,29;-;-;1,02;0,00;-;0,01;0,005
01/12/1968;-;-;1296,0;1296,0;0,0;0,0;1,0;1,0E-6;1,02;0,00;1,02;0,00;1,02;2129076,75;-;-;1,02;0,00;-;0,01;0,005
01/01/1969;-;-;1296,0;1296,0;0,0;0,0;1,0;1,0E-6;1,02;0,00;1,02;0,00;1,02;2087330,15;-;-;1,02;0,00;-;0,01;0,005
01/02/1969;-;-;1296,0;1296,0;0,0;0,0;1,0;1,0E-6;1,02;0,00;1,02;0,00;1,02;2046402,11;-;-;1,02;0,00;-;0,01;0,005
01/03/1969;-;-;1296,0;1296,0;0,0;0,0;1,0;1,0E-6;1,01;0,00;1,01;0,00;1,01;2006276,58;-;-;1,01;0,00;-;0,01;0,005
01/04/1969;-;-;1296,0;1296,0;0,0;0,0;1,0;1,0E-6;1,02;0,00;1,02;0,00;1,02;1986412,45;-;-;1,02;0,00;-;0,01;0,005
01/05/1969;156,0;-;1560,0;1560,0;0,0;0,0;1,0;1,0E-6;1,01;0,00;1,01;0,00;1,01;1947463,19;-;-;1,01;0,00;-;0,01;0,005
01/06/1969;156,0;-;1560,0;1560,0;0,0;0,0;1,0;1,0E-6;1,01;0,00;1,01;0,00;1,01;1928181,37;-;-;1,01;0,00;-;0,01;0,005
01/07/1969;156,0;-;1560,0;1560,0;0,0;0,0;1,0;1,0E-6;1,01;0,00;1,01;0,00;1,01;1909090,47;-;-;1,01;0,00;-;0,01;0,005
01/08/1969;156,0;-;1560,0;1560,0;0,0;0,0;1,0;1,0E-6;1,01;0,00;1,01;0,00;1,01;1890188,58;-;-;1,01;0,00;-;0,01;0,005
01/09/1969;156,0;-;1560,0;1560,0;0,0;0,0;1,0;1,0E-6;1,01;0,00;1,01;0,00;1,01;1871473,85;-;-;1,01;0,00;-;0,01;0,005
01/10/1969;156,0;-;1560,0;1560,0;0,0;0,0;1,0;1,0E-6;1,02;0,00;1,02;0,00;1,02;1852944,40;-;-;1,02;0,00;-;0,01;0,005
01/11/1969;156,0;-;1560,0;1560,0;0,0;0,0;1,0;1,0E-6;1,02;0,00;1,02;0,00;1,02;1816612,16;-;-;1,02;0,00;-;0,01;0,005
01/12/1969;156,0;-;1560,0;1560,0;0,0;0,0;1,0;1,0E-6;1,02;0,00;1,02;0,00;1,02;1780992,31;-;-;1,02;0,00;-;0,01;0,005
01/01/1970;156,0;-;1560,0;1560,0;0,0;0,0;1,0;1,0E-6;1,02;0,00;1,02;0,00;1,02;1746070,89;-;-;1,02;0,00;-;0,01;0,005
01/02/1970;156,0;-;1560,0;1560,0;0,0;0,0;1,0;1,0E-6;1,02;0,00;1,02;0,00;1,02;1711834,21;-;-;1,02;0,00;-;0,01;0,005
01/03/1970;156,0;-;1560,0;1560,0;0,0;0,0;1,0;1,0E-6;1,01;0,00;1,01;0,00;1,01;1678268,83;-;-;1,01;0,00;-;0,01;0,005
01/04/1970;156,0;-;1560,0;1560,0;0,0;0,0;1,0;1,0E-6;1,01;0,00;1,01;0,00;1,01;1661652,31;-;-;1,01;0,00;-;0,01;0,005
01/05/1970;-;-;1872,0;1872,0;0,0;0,0;1,0;1,0E-6;1,01;0,00;1,01;0,00;1,01;1645200,31;-;-;1,01;0,00;-;0,01;0,005
01/06/1970;-;-;1872,0;1872,0;0,0;0,0;1,0;1,0E-6;1,02;0,00;1,02;0,00;1,02;1628911,20;-;-;1,02;0,00;-;0,01;0,005
01/07/1970;-;-;1872,0;1872,0;0,0;0,0;1,0;1,0E-6;1,01;0,00;1,01;0,00;1,01;1596971,76;-;-;1,01;0,00;-;0,01;0,005
01/08/1970;-;-;1872,0;1872,0;0,0;0,0;1,0;1,0E-6;1,01;0,00;1,01;0,00;1,01;1581160,16;-;-;1,01;0,00;-;0,01;0,005
01/09/1970;-;-;1872,0;1872,0;0,0;0,0;1,0;1,0E-6;1,01;0,00;1,01;0,00;1,01;1565505,11;-;-;1,01;0,00;-;0,01;0,005
01/10/1970;-;-;1872,0;1872,0;0,0;0,0;1,0;1,0E-6;1,02;0,00;1,02;0,00;1,02;1550005,06;-;-;1,02;0,00;-;0,01;0,005
01/11/1970;-;-;1872,0;1872,0;0,0;0,0;1,0;1,0E-6;1,02;0,00;1,02;0,00;1,02;1519612,80;-;-;1,02;0,00;-;0,01;0,005
01/12/1970;-;-;1872,0;1872,0;0,0;0,0;1,0;1,0E-6;1,02;0,00;1,02;0,00;1,02;1489816,47;-;-;1,02;0,00;-;0,01;0,005
01/01/1971;-;-;1872,0;1872,0;0,0;0,0;1,0;1,0E-6;1,02;0,00;1,02;0,00;1,02;1460604,38;-;-;1,02;0,00;-;0,01;0,005
01/02/1971;-;-;1872,0;1872,0;0,0;0,0;1,0;1,0E-6;1,01;0,00;1,01;0,00;1,01;1431965,08;-;-;1,01;0,00;-;0,01;0,005
01/03/1971;-;-;1872,0;1872,0;0,0;0,0;1,0;1,0E-6;1,01;0,00;1,01;0,00;1,01;1417787,21;-;-;1,01;0,00;-;0,01;0,005
01/04/1971;-;-;1872,0;1872,0;0,0;0,0;1,0;1,0E-6;1,01;0,00;1,01;0,00;1,01;1403749,71;-;-;1,01;0,00;-;0,01;0,005
01/05/1971;-;-;2562,0;2562,0;0,0;0,0;1,0;1,0E-6;1,01;0,00;1,01;0,00;1,01;1389851,20;-;-;1,01;0,00;-;0,01;0,005
01/06/1971;-;-;2562,0;2562,0;0,0;0,0;1,0;1,0E-6;1,02;0,00;1,02;0,00;1,02;1376090,30;-;-;1,02;0,00;-;0,01;0,005
01/07/1971;-;-;2562,0;2562,0;0,0;0,0;1,0;1,0E-6;1,02;0,00;1,02;0,00;1,02;1349108,14;-;-;1,02;0,00;-;0,01;0,005
01/08/1971;-;-;2562,0;2562,0;0,0;0,0;1,0;1,0E-6;1,02;0,00;1,02;0,00;1,02;1322655,03;-;-;1,02;0,00;-;0,01;0,005
01/09/1971;-;-;2562,0;2562,0;0,0;0,0;1,0;1,0E-6;1,02;0,00;1,02;0,00;1,02;1296720,62;-;-;1,02;0,00;-;0,01;0,005
01/10/1971;-;-;2562,0;2562,0;0,0;0,0;1,0;1,0E-6;1,02;0,00;1,02;0,00;1,02;1271294,73;-;-;1,02;0,00;-;0,01;0,005
01/11/1971;-;-;2562,0;2562,0;0,0;0,0;1,0;1,0E-6;1,02;0,00;1,02;0,00;1,02;1246367,38;-;-;1,02;0,00;-;0,01;0,005
01/12/1971;-;-;2562,0;2562,0;0,0;0,0;1,0;1,0E-6;1,01;0,00;1,01;0,00;1,01;1221928,80;-;-;1,01;0,00;-;0,01;0,005
01/01/1972;-;-;2562,0;2562,0;0,0;0,0;1,0;1,0E-6;1,01;0,00;1,01;0,00;1,01;1209830,50;-;-;1,01;0,00;-;0,01;0,005
01/02/1972;-;-;2562,0;2562,0;0,0;0,0;1,0;1,0E-6;1,01;0,00;1,01;0,00;1,01;1197851,98;-;-;1,01;0,00;-;0,01;0,005
01/03/1972;-;-;2562,0;2562,0;0,0;0,0;1,0;1,0E-6;1,01;0,00;1,01;0,00;1,01;1185992,06;-;-;1,01;0,00;-;0,01;0,005
01/04/1972;-;-;2562,0;2562,0;0,0;0,0;1,0;1,0E-6;1,01;0,00;1,01;0,00;1,01;1174249,56;-;-;1,01;0,00;-;0,01;0,005
01/05/1972;-;-;2688,0;2688,0;0,0;0,0;1,0;1,0E-6;1,02;0,00;1,02;0,00;1,02;1162623,33;-;-;1,02;0,00;-;0,01;0,005
01/06/1972;-;-;2688,0;2688,0;0,0;0,0;1,0;1,0E-6;1,02;0,00;1,02;0,00;1,02;1139826,79;-;-;1,02;0,00;-;0,01;0,005
01/07/1972;-;-;2688,0;2688,0;0,0;0,0;1,0;1,0E-6;1,01;0,00;1,01;0,00;1,01;1117477,25;-;-;1,01;0,00;-;0,01;0,005
01/08/1972;-;-;2688,0;2688,0;0,0;0,0;1,0;1,0E-6;1,01;0,00;1,01;0,00;1,01;1106413,12;-;-;1,01;0,00;-;0,01;0,005
01/09/1972;-;-;2688,0;2688,0;0,0;0,0;1,0;1,0E-6;1,01;0,00;1,01;0,00;1,01;1095458,53;-;-;1,01;0,00;-;0,01;0,005
01/10/1972;-;-;2688,0;2688,0;0,0;0,0;1,0;1,0E-6;1,01;0,00;1,01;0,00;1,01;1084612,41;-;-;1,01;0,00;-;0,01;0,005
01/11/1972;-;-;2688,0;2688,0;0,0;0,0;1,0;1,0E-6;1,01;0,00;1,01;0,00;1,01;1073873,67;-;-;1,01;0,00;-;0,01;0,005
01/12/1972;-;-;2688,0;2688,0;0,0;0,0;1,0;1,0E-6;1,01;0,00;1,01;0,00;1,01;1063241,26;-;-;1,01;0,00;-;0,01;0,005
01/01/1973;-;-;2688,0;2688,0;0,0;0,0;1,0;1,0E-6;1,01;0,00;1,01;0,00;1,01;1052714,12;-;-;1,01;0,00;-;0,01;0,005
01/02/1973;-;-;2688,0;2688,0;0,0;0,0;1,0;1,0E-6;1,01;0,00;1,01;0,00;1,01;1042291,21;-;-;1,01;0,00;-;0,01;0,005
01/03/1973;-;-;2688,0;2688,0;0,0;0,0;1,0;1,0E-6;1,01;0,00;1,01;0,00;1,01;1031971,49;-;-;1,01;0,00;-;0,01;0,005
01/04/1973;-;-;2688,0;2688,0;0,0;0,0;1,0;1,0E-6;1,01;0,00;1,01;0,00;1,01;1021753,95;-;-;1,01;0,00;-;0,01;0,005
01/05/1973;312,0;-;3120,0;3120,0;0,0;0,0;1,0;1,0E-6;1,01;0,00;1,01;0,00;1,01;1011637,58;-;-;1,01;0,00;-;0,01;0,005
01/06/1973;312,0;-;5200,0;5200,0;0,0;0,0;1,0;1,0E-6;1,01;0,00;1,01;0,00;1,01;1001621,36;-;-;1,01;0,00;-;0,01;0,005
01/07/1973;312,0;-;6240,0;6240,0;0,0;0,0;1,0;1,0E-6;1,01;0,00;1,01;0,00;1,01;991704,32;-;-;1,01;0,00;-;0,01;0,005
01/08/1973;312,0;-;6240,0;6240,0;0,0;0,0;1,0;1,0E-6;1,01;0,00;1,01;0,00;1,01;981885,46;-;-;1,01;0,00;-;0,01;0,005
01/09/1973;312,0;-;6240,0;6240,0;0,0;0,0;1,0;1,0E-6;1,01;0,00;1,01;0,00;1,01;972163,83;-;-;1,01;0,00;-;0,01;0,005
01/10/1973;312,0;-;6240,0;6240,0;0,0;0,0;1,0;1,0E-6;1,01;0,00;1,01;0,00;1,01;962538,44;-;-;1,01;0,00;-;0,01;0,005
01/11/1973;312,0;-;6240,0;6240,0;0,0;0,0;1,0;1,0E-6;1,01;0,00;1,01;0,00;1,01;953008,36;-;-;1,01;0,00;-;0,01;0,005
01/12/1973;312,0;-;6240,0;6240,0;0,0;0,0;1,0;1,0E-6;1,02;0,00;1,02;0,00;1,02;943572,63;-;-;1,02;0,00;-;0,01;0,005
01/01/1974;312,0;-;6240,0;6240,0;0,0;0,0;1,0;1,0E-6;1,01;0,00;1,01;0,00;1,01;925071,21;-;-;1,01;0,00;-;0,01;0,005
01/02/1974;312,0;-;6240,0;6240,0;0,0;0,0;1,0;1,0E-6;1,01;0,00;1,01;0,00;1,01;915912,09;-;-;1,01;0,00;-;0,01;0,005
01/03/1974;312,0;-;6240,0;6240,0;0,0;0,0;1,0;1,0E-6;1,01;0,00;1,01;0,00;1,01;906843,65;-;-;1,01;0,00;-;0,01;0,005
01/04/1974;312,0;-;6240,0;6240,0;0,0;0,0;1,0;1,0E-6;1,02;0,00;1,02;0,00;1,02;897865,00;-;-;1,02;0,00;-;0,01;0,005
01/05/1974;-;-;7536,0;7536,0;0,0;0,0;1,0;1,0E-6;1,02;0,00;1,02;0,00;1,02;880259,80;-;-;1,02;0,00;-;0,01;0,005
01/06/1974;-;-;7536,0;7536,0;0,0;0,0;1,0;1,0E-6;1,03;0,00;1,03;0,00;1,03;862999,81;-;-;1,03;0,00;-;0,01;0,005
01/07/1974;-;-;7536,0;7536,0;0,0;0,0;1,0;1,0E-6;1,04;0,00;1,04;0,00;1,04;837863,89;-;-;1,04;0,00;-;0,01;0,005
01/08/1974;-;-;7536,0;7536,0;0,0;0,0;1,0;1,0E-6;1,05;0,00;1,05;0,00;1,05;805638,36;-;-;1,05;0,00;-;0,01;0,005
01/09/1974;-;-;7536,0;7536,0;0,0;0,0;1,0;1,0E-6;1,04;0,00;1,04;0,00;1,04;767274,63;-;-;1,04;0,00;-;0,01;0,005
01/10/1974;-;-;7536,0;7536,0;0,0;0,0;1,0;1,0E-6;1,02;0,00;1,02;0,00;1,02;737764,06;-;-;1,02;0,00;-;0,01;0,005
01/11/1974;-;-;7536,0;7536,0;0,0;0,0;1,0;1,0E-6;1,01;0,00;1,01;0,00;1,01;723298,10;-;-;1,01;0,00;-;0,01;0,005
01/12/1974;-;-;7536,0;7536,0;0,0;0,0;1,0;1,0E-6;1,01;0,00;1,01;0,00;1,01;716136,73;-;-;1,01;0,00;-;0,01;0,005
01/01/1975;-;-;7536,0;7536,0;0,0;0,0;1,0;1,0E-6;1,02;0,00;1,02;0,00;1,02;709046,27;-;-;1,02;0,00;-;0,01;0,005
01/02/1975;-;-;7536,0;7536,0;0,0;0,0;1,0;1,0E-6;1,02;0,00;1,02;0,00;1,02;695143,40;-;-;1,02;0,00;-;0,01;0,005
01/03/1975;-;-;7536,0;7536,0;0,0;0,0;1,0;1,0E-6;1,02;0,00;1,02;0,00;1,02;681513,14;-;-;1,02;0,00;-;0,01;0,005
01/04/1975;-;-;7536,0;7536,0;0,0;0,0;1,0;1,0E-6;1,02;0,00;1,02;0,00;1,02;668150,14;-;-;1,02;0,00;-;0,01;0,005
01/05/1975;-;-;10020,0;10400,0;0,0;0,0;1,0;1,0E-6;1,02;0,00;1,02;0,00;1,02;655049,15;-;-;1,02;0,00;-;0,01;0,005
01/06/1975;-;-;10020,0;10400,0;0,0;0,0;1,0;1,0E-6;1,02;0,00;1,02;0,00;1,02;642205,05;-;-;1,02;0,00;-;0,01;0,005
01/07/1975;-;-;10020,0;10400,0;0,0;0,0;1,0;1,0E-6;1,02;0,00;1,02;0,00;1,02;629612,80;-;-;1,02;0,00;-;0,01;0,005
01/08/1975;-;-;10020,0;10400,0;0,0;0,0;1,0;1,0E-6;1,02;0,00;1,02;0,00;1,02;617267,45;-;-;1,02;0,00;-;0,01;0,005
01/09/1975;-;-;10020,0;10400,0;0,0;0,0;1,0;1,0E-6;1,02;0,00;1,02;0,00;1,02;605164,16;-;-;1,02;0,00;-;0,01;0,005
01/10/1975;-;-;10020,0;10400,0;0,0;0,0;1,0;1,0E-6;1,02;0,00;1,02;0,00;1,02;593298,20;-;-;1,02;0,00;-;0,01;0,005
01/11/1975;-;-;10020,0;10400,0;0,0;0,0;1,0;1,0E-6;1,02;0,00;1,02;0,00;1,02;581664,90;-;-;1,02;0,00;-;0,01;0,005
01/12/1975;-;-;10020,0;10400,0;0,0;0,0;1,0;1,0E-6;1,02;0,00;1,02;0,00;1,02;570259,71;-;-;1,02;0,00;-;0,01;0,005
01/01/1976;-;-;10020,0;10400,0;0,0;0,0;1,0;1,0E-6;1,02;0,00;1,02;0,00;1,02;559078,15;-;-;1,02;0,00;-;0,01;0,005
01/02/1976;-;-;10020,0;10400,0;0,0;0,0;1,0;1,0E-6;1,02;0,00;1,02;0,00;1,02;548115,83;-;-;1,02;0,00;-;0,01;0,005
01/03/1976;-;-;10020,0;10400,0;0,0;0,0;1,0;1,0E-6;1,02;0,00;1,02;0,00;1,02;537368,46;-;-;1,02;0,00;-;0,01;0,005
01/04/1976;-;-;10020,0;10400,0;0,0;0,0;1,0;1,0E-6;1,03;0,00;1,03;0,00;1,03;526831,82;-;-;1,03;0,00;-;0,01;0,005
01/05/1976;768,0;-;12766,0;14872,0;0,0;0,0;1,0;1,0E-6;1,03;0,00;1,03;0,00;1,03;511487,21;-;-;1,03;0,00;-;0,01;0,005
01/06/1976;768,0;-;14872,0;14872,0;0,0;0,0;1,0;1,0E-6;1,03;0,00;1,03;0,00;1,03;496589,52;-;-;1,03;0,00;-;0,01;0,005
01/07/1976;768,0;-;14872,0;14872,0;0,0;0,0;1,0;1,0E-6;1,03;0,00;1,03;0,00;1,03;482125,75;-;-;1,03;0,00;-;0,01;0,005
01/08/1976;768,0;-;14872,0;14872,0;0,0;0,0;1,0;1,0E-6;1,03;0,00;1,03;0,00;1,03;468083,25;-;-;1,03;0,00;-;0,01;0,005
01/09/1976;768,0;-;14872,0;14872,0;0,0;0,0;1,0;1,0E-6;1,03;0,00;1,03;0,00;1,03;454449,76;-;-;1,03;0,00;-;0,01;0,005
01/10/1976;768,0;-;14872,0;14872,0;0,0;0,0;1,0;1,0E-6;1,04;0,00;1,04;0,00;1,04;441213,36;-;-;1,04;0,00;-;0,01;0,005
01/11/1976;768,0;-;14872,0;14872,0;0,0;0,0;1,0;1,0E-6;1,03;0,00;1,03;0,00;1,03;424243,61;-;-;1,03;0,00;-;0,01;0,005
01/12/1976;768,0;-;14872,0;14872,0;0,0;0,0;1,0;1,0E-6;1,02;0,00;1,02;0,00;1,02;411887,00;-;-;1,02;0,00;-;0,01;0,005
01/01/1977;768,0;-;14872,0;14872,0;0,0;0,0;1,0;1,0E-6;1,02;0,00;1,02;0,00;1,02;403810,79;-;-;1,02;0,00;-;0,01;0,005
01/02/1977;768,0;-;14872,0;14872,0;0,0;0,0;1,0;1,0E-6;1,02;0,00;1,02;0,00;1,02;395892,93;-;-;1,02;0,00;-;0,01;0,005
01/03/1977;768,0;-;14872,0;14872,0;0,0;0,0;1,0;1,0E-6;1,02;0,00;1,02;0,00;1,02;388130,32;-;-;1,02;0,00;-;0,01;0,005
01/04/1977;768,0;-;14872,0;14872,0;0,0;0,0;1,0;1,0E-6;1,03;0,00;1,03;0,00;1,03;380519,92;-;-;1,03;0,00;-;0,01;0,005
01/05/1977;-;-;20820,0;20820,0;0,0;0,0;1,0;1,0E-6;1,03;0,00;1,03;0,00;1,03;369436,82;-;-;1,03;0,00;-;0,01;0,005
01/06/1977;-;-;20820,0;20820,0;0,0;0,0;1,0;1,0E-6;1,03;0,00;1,03;0,00;1,03;358676,52;-;-;1,03;0,00;-;0,01;0,005
01/07/1977;-;-;20820,0;20820,0;0,0;0,0;1,0;1,0E-6;1,03;0,00;1,03;0,00;1,03;348229,63;-;-;1,03;0,00;-;0,01;0,005
01/08/1977;-;-;20820,0;20820,0;0,0;0,0;1,0;1,0E-6;1,02;0,00;1,02;0,00;1,02;338087,02;-;-;1,02;0,00;-;0,01;0,005
01/09/1977;-;-;20820,0;20820,0;0,0;0,0;1,0;1,0E-6;1,01;0,00;1,01;0,00;1,01;331457,87;-;-;1,01;0,00;-;0,01;0,005
01/10/1977;-;-;20820,0;20820,0;0,0;0,0;1,0;1,0E-6;1,01;0,00;1,01;0,00;1,01;328176,11;-;-;1,01;0,00;-;0,01;0,005
01/11/1977;-;-;20820,0;20820,0;0,0;0,0;1,0;1,0E-6;1,01;0,00;1,01;0,00;1,01;324926,84;-;-;1,01;0,00;-;0,01;0,005
01/12/1977;-;-;20820,0;20820,0;0,0;0,0;1,0;1,0E-6;1,02;0,00;1,02;0,00;1,02;321709,74;-;-;1,02;0,00;-;0,01;0,005
01/01/1978;-;-;20820,0;20820,0;0,0;0,0;1,0;1,0E-6;1,02;0,00;1,02;0,00;1,02;315401,71;-;-;1,02;0,00;-;0,01;0,005
01/02/1978;-;-;20820,0;20820,0;0,0;0,0;1,0;1,0E-6;1,02;0,00;1,02;0,00;1,02;309217,36;-;-;1,02;0,00;-;0,01;0,005
01/03/1978;-;-;20820,0;20820,0;0,0;0,0;1,0;1,0E-6;1,03;0,00;1,03;0,00;1,03;303154,27;-;-;1,03;0,00;-;0,01;0,005
01/04/1978;-;-;20820,0;20820,0;0,0;0,0;1,0;1,0E-6;1,03;0,00;1,03;0,00;1,03;294324,54;-;-;1,03;0,00;-;0,01;0,005
01/05/1978;1560,0;-;28940,0;28940,0;0,0;0,0;1,0;1,0E-6;1,03;0,00;1,03;0,00;1,03;285751,98;-;-;1,03;0,00;-;0,01;0,005
01/06/1978;1560,0;-;28940,0;28940,0;0,0;0,0;1,0;1,0E-6;1,03;0,00;1,03;0,00;1,03;277429,10;-;-;1,03;0,00;-;0,01;0,005
01/07/1978;1560,0;-;28940,0;28940,0;0,0;0,0;1,0;1,0E-6;1,03;0,00;1,03;0,00;1,03;269348,65;-;-;1,03;0,00;-;0,01;0,005
01/08/1978;1560,0;-;28940,0;28940,0;0,0;0,0;1,0;1,0E-6;1,03;0,00;1,03;0,00;1,03;261503,54;-;-;1,03;0,00;-;0,01;0,005
01/09/1978;1560,0;-;28940,0;28940,0;0,0;0,0;1,0;1,0E-6;1,03;0,00;1,03;0,00;1,03;253886,93;-;-;1,03;0,00;-;0,01;0,005
01/10/1978;1560,0;-;28940,0;28940,0;0,0;0,0;1,0;1,0E-6;1,02;0,00;1,02;0,00;1,02;246492,17;-;-;1,02;0,00;-;0,01;0,005
01/11/1978;1560,0;-;28940,0;28940,0;0,0;0,0;1,0;1,0E-6;1,03;0,00;1,03;0,00;1,03;241658,99;-;-;1,03;0,00;-;0,01;0,005
01/12/1978;1560,0;-;28940,0;28940,0;0,0;0,0;1,0;1,0E-6;1,03;0,00;1,03;0,00;1,03;234620,38;-;-;1,03;0,00;-;0,01;0,005
01/01/1979;1560,0;-;28940,0;28940,0;0,0;0,0;1,0;1,0E-6;1,02;0,00;1,02;0,00;1,02;227786,77;-;-;1,02;0,00;-;0,01;0,005
01/02/1979;1560,0;-;28940,0;28940,0;0,0;0,0;1,0;1,0E-6;1,02;0,00;1,02;0,00;1,02;223320,36;-;-;1,02;0,00;-;0,01;0,005
01/03/1979;1560,0;-;28940,0;28940,0;0,0;0,0;1,0;1,0E-6;1,02;0,00;1,02;0,00;1,02;218941,53;-;-;1,02;0,00;-;0,01;0,005
01/04/1979;1560,0;-;28940,0;28940,0;0,0;0,0;1,0;1,0E-6;1,04;0,00;1,04;0,00;1,03;214648,56;-;-;1,04;0,00;-;0,01;0,005
01/05/1979;2268,0;-;41674,0;41674,0;0,0;0,0;1,0;1,0E-6;1,04;0,00;1,04;0,00;1,02;208396,66;-;-;1,04;0,00;-;0,01;0,005
01/06/1979;2268,0;-;41674,0;41674,0;0,0;0,0;1,0;1,0E-6;1,03;0,00;1,03;0,00;1,03;204310,45;-;-;1,03;0,00;-;0,01;0,005
01/07/1979;2268,0;-;41674,0;41674,0;0,0;0,0;1,0;1,0E-6;1,03;0,00;1,03;0,00;1,05;198359,66;-;-;1,03;0,00;-;0,01;0,005
01/08/1979;2268,0;-;41674,0;41674,0;0,0;0,0;1,0;1,0E-6;1,03;0,00;1,03;0,00;1,06;188913,97;-;-;1,03;0,00;-;0,01;0,005
01/09/1979;2268,0;-;41674,0;41674,0;0,0;0,0;1,0;1,0E-6;1,04;0,00;1,04;0,00;1,07;178220,72;-;-;1,04;0,00;-;0,01;0,005
01/10/1979;2268,0;-;41674,0;41674,0;0,0;0,0;1,0;1,0E-6;1,05;0,00;1,05;0,00;1,05;166561,42;-;-;1,05;0,00;-;0,01;0,005
01/11/1979;-;-;51929,0;51929,0;0,0;0,0;1,0;1,0E-6;1,05;0,00;1,05;0,00;1,06;158629,93;-;-;1,05;0,00;-;0,01;0,005
01/12/1979;-;-;51929,0;51929,0;0,0;0,0;1,0;1,0E-6;1,04;0,00;1,04;0,00;1,05;149650,87;7,6183E-9;-;1,04;0,00;-;0,01;0,005
01/01/1980;-;-;51930,0;51930,0;0,0;0,0;1,0;1,0E-6;1,04;0,00;1,04;0,00;1,07;142524,64;8,1223E-9;-;1,04;0,00;-;0,01;0,005
01/02/1980;-;-;51930,0;51930,0;0,0;0,0;1,0;1,0E-6;1,04;0,00;1,04;0,00;1,04;133200,60;8,4973E-9;-;1,04;0,00;-;0,01;0,005
01/03/1980;-;-;51930,0;51930,0;0,0;0,0;1,0;1,0E-6;1,04;0,00;1,04;0,00;1,05;128077,50;9,0104E-9;-;1,04;0,00;-;0,01;0,005
01/04/1980;-;-;51930,0;51930,0;0,0;0,0;1,0;1,0E-6;1,04;0,00;1,04;0,00;1,05;121978,57;9,4867E-9;-;1,04;0,00;-;0,01;0,005
01/05/1980;-;-;70136,0;70136,0;0,0;0,0;1,0;1,0E-6;1,03;0,00;1,03;0,00;1,06;116170,07;1,00277E-8;-;1,03;0,00;-;0,01;0,005
01/06/1980;-;-;70136,0;70136,0;0,0;0,0;1,0;1,0E-6;1,03;0,00;1,03;0,00;1,06;109594,40;1,05597E-8;-;1,03;0,00;-;0,01;0,005
01/07/1980;-;-;70136,0;70136,0;0,0;0,0;1,0;1,0E-6;1,03;0,00;1,03;0,00;1,06;103390,95;1,11453E-8;-;1,03;0,00;-;0,01;0,005
01/08/1980;-;-;70136,0;70136,0;0,0;0,0;1,0;1,0E-6;1,03;0,00;1,03;0,00;1,05;97538,63;1,16965E-8;-;1,03;0,00;-;0,01;0,005
01/09/1980;-;-;70136,0;70136,0;0,0;0,0;1,0;1,0E-6;1,03;0,00;1,03;0,00;1,04;92893,93;1,21913E-8;-;1,03;0,00;-;0,01;0,005
01/10/1980;-;-;70136,0;70136,0;0,0;0,0;1,0;1,0E-6;1,03;0,00;1,03;0,00;1,10;89321,09;1,33471E-8;-;1,03;0,00;-;0,01;0,005
01/11/1980;-;-;93706,0;93706,0;0,0;0,0;1,0;1,0E-6;1,03;0,00;1,03;0,00;1,08;81200,99;1,42378E-8;-;1,03;0,00;-;0,01;0,005
01/12/1980;-;-;93706,0;93706,0;0,0;0,0;1,0;1,0E-6;1,04;0,00;1,04;0,00;1,07;75186,10;1,51795E-8;-;1,04;0,00;-;0,01;0,005
01/01/1981;-;-;93706,0;93706,0;0,0;0,0;1,0;1,0E-6;1,05;0,00;1,05;0,00;1,06;70267,38;1,62174E-8;-;1,05;0,00;-;0,01;0,005
01/02/1981;-;-;93706,0;93706,0;0,0;0,0;1,0;1,0E-6;1,06;0,00;1,06;0,00;1,06;66289,99;1,72555E-8;-;1,06;0,00;-;0,01;0,005
01/03/1981;-;-;93706,0;93706,0;0,0;0,0;1,0;1,0E-6;1,06;0,00;1,06;0,00;1,05;62537,72;1,81134E-8;-;1,06;0,00;-;0,01;0,005
01/04/1981;-;-;93706,0;93706,0;0,0;0,0;1,0;1,0E-6;1,06;0,00;1,06;0,00;1,07;59559,74;1,92839E-8;-;1,06;0,00;-;0,01;0,005
01/05/1981;-;-;133540,0;133540,0;0,0;0,0;1,0;1,0E-6;1,06;0,00;1,06;0,00;1,06;55663,30;2,0356E-8;-;1,06;0,00;-;0,01;0,005
01/06/1981;-;-;133540,0;133540,0;0,0;0,0;1,0;1,0E-6;1,06;0,00;1,06;0,00;1,05;52512,55;2,14792E-8;-;1,06;0,00;-;0,01;0,005
01/07/1981;-;-;133540,0;133540,0;0,0;0,0;1,0;1,0E-6;1,06;0,00;1,06;0,00;1,06;50011,95;2,28229E-8;-;1,06;0,00;-;0,01;0,005
01/08/1981;-;-;133540,0;133540,0;0,0;0,0;1,0;1,0E-6;1,06;0,00;1,06;0,00;1,06;47181,09;2,40772E-8;-;1,06;0,00;-;0,01;0,005
01/09/1981;-;-;133540,0;133540,0;0,0;0,0;1,0;1,0E-6;1,06;0,00;1,06;0,00;1,05;44510,46;2,53429E-8;-;1,06;0,00;-;0,01;0,005
01/10/1981;-;-;133540,0;133540,0;0,0;0,0;1,0;1,0E-6;1,06;0,00;1,06;0,00;1,05;42390,91;2,66297E-8;-;1,06;0,00;-;0,01;0,005
01/11/1981;11928,0;-;184390,0;184390,0;0,0;0,0;1,0;1,0E-6;1,05;0,00;1,05;0,00;1,05;40372,30;2,80335E-8;-;1,05;0,00;-;0,01;0,005
01/12/1981;11928,0;-;238560,0;184390,0;0,0;0,0;1,0;1,0E-6;1,05;0,00;1,05;0,00;1,06;38449,81;2,96946E-8;-;1,05;0,00;-;0,01;0,005
01/01/1982;11928,0;-;238560,0;184390,0;0,0;0,0;1,0;1,0E-6;1,05;0,00;1,05;0,00;1,07;36273,41;3,17628E-8;-;1,05;0,00;-;0,01;0,005
01/02/1982;11928,0;-;238560,0;184390,0;0,0;0,0;1,0;1,0E-6;1,05;0,00;1,05;0,00;1,07;33900,38;3,38708E-8;-;1,05;0,00;-;0,01;0,005
01/03/1982;11928,0;-;238560,0;184390,0;0,0;0,0;1,0;1,0E-6;1,05;0,00;1,05;0,00;1,05;31682,60;3,58057E-8;-;1,05;0,00;-;0,01;0,005
01/04/1982;11928,0;-;238560,0;184390,0;0,0;0,0;1,0;1,0E-6;1,05;0,00;1,05;0,00;1,06;30173,90;3,79137E-8;-;1,05;0,00;-;0,01;0,005
01/05/1982;16608,0;-;332160,0;282900,0;0,0;0,0;1,0;1,0E-6;1,05;0,00;1,05;0,00;1,07;28465,95;4,04382E-8;-;1,05;0,00;-;0,01;0,005
01/06/1982;16608,0;-;332160,0;282900,0;0,0;0,0;1,0;1,0E-6;1,06;0,00;1,06;0,00;1,07;26603,69;4,33113E-8;-;1,06;0,00;-;0,01;0,005
01/07/1982;16608,0;-;332160,0;282900,0;0,0;0,0;1,0;1,0E-6;1,06;0,00;1,06;0,00;1,06;24863,26;4,6065E-8;-;1,06;0,00;-;0,01;0,005
01/08/1982;16608,0;-;332160,0;282900,0;0,0;0,0;1,0;1,0E-6;1,07;0,00;1,07;0,00;1,06;23455,90;4,88164E-8;-;1,07;0,00;-;0,01;0,005
01/09/1982;16608,0;-;332160,0;282900,0;0,0;0,0;1,0;1,0E-6;1,07;0,00;1,07;0,00;1,04;22128,21;5,12964E-8;-;1,07;0,00;-;0,01;0,005
01/10/1982;16608,0;-;332160,0;282900,0;0,0;0,0;1,0;1,0E-6;1,07;0,00;1,07;0,00;1,04;21277,13;5,35752E-8;-;1,07;0,00;-;0,01;0,005
01/11/1982;23568,0;-;471360,0;401152,0;0,0;0,0;1,0;1,0E-6;1,07;0,00;1,07;0,00;1,05;20458,78;5,64085E-8;-;1,07;0,00;-;0,01;0,005
01/12/1982;23568,0;-;471360,0;401152,0;0,0;0,0;1,0;1,0E-6;1,06;0,00;1,06;0,00;1,08;19484,55;6,08117E-8;-;1,06;0,00;-;0,01;0,005
01/01/1983;23568,0;-;471360,0;401152,0;0,0;0,0;1,0;1,0E-6;1,06;0,00;1,06;0,00;1,09;18041,25;6,60665E-8;-;1,06;0,00;-;0,01;0,005
01/02/1983;23568,0;-;471360,0;401152,0;0,0;0,0;1,0;1,0E-6;1,07;0,00;1,07;0,00;1,08;16551,60;7,12581E-8;-;1,07;0,00;-;0,01;0,005
01/03/1983;23568,0;-;471360,0;401152,0;0,0;0,0;1,0;1,0E-6;1,09;0,00;1,09;0,00;1,07;15325,56;7,64919E-8;-;1,09;0,00;-;0,01;0,005
01/04/1983;23568,0;-;471360,0;401152,0;0,0;0,0;1,0;1,0E-6;1,09;0,00;1,09;0,00;1,07;14322,95;8,15245E-8;-;1,09;0,00;-;0,01;0,005
01/05/1983;34776,0;-;695520,0;591699,0;0,0;0,0;1,0;1,0E-6;1,08;0,00;1,08;0,00;1,07;13385,94;8,68097E-8;-;1,08;0,00;-;0,01;0,005
01/06/1983;34776,0;-;695520,0;591699,0;0,0;0,0;1,0;1,0E-6;1,08;0,00;1,08;0,00;1,11;12510,22;9,53868E-8;-;1,08;0,00;-;0,01;0,005
01/07/1983;34776,0;-;695520,0;591699,0;0,0;0,0;1,0;1,0E-6;1,09;0,00;1,09;0,00;1,11;11270,47;1,050003E-7;-;1,09;0,00;-;0,01;0,005
01/08/1983;34776,0;-;695520,0;591699,0;0,0;0,0;1,0;1,0E-6;1,08;0,00;1,08;0,00;1,10;10153,58;1,145671E-7;-;1,08;0,00;-;0,01;0,005
01/09/1983;34776,0;-;695520,0;591699,0;0,0;0,0;1,0;1,0E-6;1,09;0,00;1,09;0,00;1,11;9230,52;1,263682E-7;-;1,09;0,00;-;0,01;0,005
01/10/1983;34776,0;-;695520,0;591699,0;0,0;0,0;1,0;1,0E-6;1,10;0,00;1,10;0,00;1,10;8315,79;1,375727E-7;-;1,10;0,00;-;0,01;0,005
01/11/1983;57120,0;-;1142400,0;971570,0;0,0;0,0;1,0;1,0E-6;1,08;0,00;1,08;0,00;1,07;7559,81;1,477314E-7;-;1,08;0,00;-;0,01;0,005
01/12/1983;57120,0;-;1142400,0;971570,0;0,0;0,0;1,0;1,0E-6;1,08;0,00;1,08;0,00;1,08;7065,24;1,605502E-7;-;1,08;0,00;-;0,01;0,005
01/01/1984;57120,0;-;1142400,0;971570,0;0,0;0,0;1,0;1,0E-6;1,10;0,00;1,10;0,00;1,09;6541,89;1,760737E-7;-;1,10;0,00;-;0,01;0,005
01/02/1984;57120,0;-;1142400,0;971570,0;0,0;0,0;1,0;1,0E-6;1,12;0,00;1,12;0,00;1,10;6001,73;1,92802E-7;-;1,12;0,00;-;0,01;0,005
01/03/1984;57120,0;-;1142400,0;971570,0;0,0;0,0;1,0;1,0E-6;1,10;0,00;1,10;0,00;1,10;5456,12;2,100357E-7;-;1,10;0,00;-;0,01;0,005
01/04/1984;57120,0;-;1142400,0;971570,0;0,0;0,0;1,0;1,0E-6;1,09;0,00;1,09;0,00;1,10;4960,11;2,300794E-7;-;1,09;0,00;-;0,01;0,005
01/05/1984;97176,0;-;1943520,0;1652640,0;0,0;0,0;1,0;1,0E-6;1,09;0,00;1,09;0,00;1,09;4509,19;2,509021E-7;-;1,09;0,00;-;0,01;0,005
01/06/1984;97176,0;-;1943520,0;1652640,0;0,0;0,0;1,0;1,0E-6;1,09;0,00;1,09;0,00;1,10;4136,87;2,761935E-7;-;1,09;0,00;-;0,01;0,005
01/07/1984;97176,0;-;1943520,0;1652640,0;0,0;0,0;1,0;1,0E-6;1,10;0,00;1,10;0,00;1,09;3760,79;3,030524E-7;-;1,10;0,00;-;0,01;0,005
01/08/1984;97176,0;-;1943520,0;1652640,0;0,0;0,0;1,0;1,0E-6;1,11;0,00;1,11;0,00;1,09;3450,27;3,313854E-7;-;1,11;0,00;-;0,01;0,005
01/09/1984;97176,0;-;1943520,0;1652640,0;0,0;0,0;1,0;1,0E-6;1,10;0,00;1,10;0,00;1,11;3165,38;3,703168E-7;-;1,10;0,00;-;0,01;0,005
01/10/1984;97176,0;-;1943520,0;1652640,0;0,0;0,0;1,0;1,0E-6;1,13;0,00;1,13;0,00;1,10;2851,70;4,089675E-7;-;1,13;0,00;-;0,01;0,005
01/11/1984;166560,0;-;3331200,0;2830980,0;0,0;0,0;1,0;1,0E-6;1,10;0,00;1,10;0,00;1,10;2592,45;4,520168E-7;-;1,10;0,00;-;0,01;0,005
01/12/1984;166560,0;-;3331200,0;2830980,0;0,0;0,0;1,0;1,0E-6;1,11;0,00;1,11;0,00;1,12;2356,77;5,061559E-7;-;1,11;0,00;-;0,01;0,005
01/01/1985;166560,0;-;3331200,0;2830980,0;0,0;0,0;1,0;1,0E-6;1,13;0,00;1,13;0,00;1,12;2104,26;5,656761E-7;-;1,13;0,00;-;0,01;0,005
01/02/1985;166560,0;-;3331200,0;2830980,0;0,0;0,0;1,0;1,0E-6;1,10;0,00;1,10;0,00;1,11;1878,81;6,271382E-7;-;1,10;0,00;-;0,01;0,005
01/03/1985;166560,0;-;3331200,0;2830980,0;0,0;0,0;1,0;1,0E-6;1,13;0,00;1,13;0,00;1,10;1692,62;6,908698E-7;-;1,13;0,00;-;0,01;0,005
01/04/1985;166560,0;-;3331200,0;2830980,0;0,0;0,0;1,0;1,0E-6;1,12;0,00;1,12;0,00;1,09;1538,74;7,474889E-7;-;1,12;0,00;-;0,01;0,005
01/05/1985;333120,0;-;6662400,0;5350560,0;0,0;0,0;1,0;1,0E-6;1,10;0,00;1,10;0,00;1,07;1411,69;8,01277E-7;-;1,10;0,00;-;0,01;0,005
01/06/1985;333120,0;-;6662400,0;5350560,0;0,0;0,0;1,0;1,0E-6;1,09;0,00;1,09;0,00;1,08;1319,34;8,693369E-7;-;1,09;0,00;-;0,01;0,005
01/07/1985;333120,0;-;6662400,0;5350560,0;0,0;0,0;1,0;1,0E-6;1,08;0,00;1,08;0,00;1,10;1221,61;9,589916E-7;-;1,08;0,00;-;0,01;0,005
01/08/1985;333120,0;-;6662400,0;5350560,0;0,0;0,0;1,0;1,0E-6;1,08;0,00;1,08;0,00;1,12;1110,55;1,0745459E-6;-;1,08;0,00;-;0,01;0,005
01/09/1985;333120,0;-;6662400,0;5350560,0;0,0;0,0;1,0;1,0E-6;1,09;0,00;1,09;0,00;1,10;991,57;1,1940075E-6;-;1,09;0,00;-;0,01;0,005
01/10/1985;333120,0;-;6662400,0;5350560,0;0,0;0,0;1,0;1,0E-6;1,09;0,00;1,09;0,00;1,10;901,42;1,3207687E-6;-;1,09;0,00;-;0,01;0,005
01/11/1985;600000,0;-;1,2E7;9112000,0;0,0;0,0;1,0;1,0E-6;1,11;0,00;1,11;0,00;1,14;819,48;1,5053189E-6;-;1,11;0,00;-;0,01;0,005
01/12/1985;600000,0;-;1,2E7;9112000,0;0,0;0,0;1,0;1,0E-6;1,13;0,00;1,13;0,00;1,16;718,84;1,7322163E-6;-;1,13;0,00;-;0,01;0,005
01/01/1986;600000,0;-;1,2E7;9112000,0;0,0;0,0;1,0;1,0E-6;1,16;0,00;1,16;0,00;1,15;619,69;1,9811765E-6;-;1,16;0,00;-;0,01;0,005
01/02/1986;600000,0;-;1,2E7;9112000,0;0,0;0,0;1,0;1,0E-6;0,00;0,00;0,00;0,00;1,12;538,86;2,233108E-6;-;0,00;0,00;-;0,01;0,005
01/03/1986;804,0;-;16080,2;12220,0;0,0;0,0;1,0;1,0E-6;1,00;0,00;1,00;0,00;1,03;481,12;2,3396314E-6;-;1,00;0,00;-;0,01;0,005
01/04/1986;804,0;-;16080,2;12220,0;0,0;0,0;1,0;1,0E-6;1,00;0,00;1,00;0,00;1,00;467,11;2,3578806E-6;-;1,00;0,00;-;0,01;0,005
01/05/1986;804,0;-;16080,2;12220,0;0,0;0,0;1,0;1,0E-6;1,00;0,00;1,00;0,00;1,01;467,11;2,3908694E-6;-;1,00;0,00;-;0,01;0,005
01/06/1986;804,0;-;16080,2;12220,0;0,0;0,0;1,0;1,0E-6;1,00;0,00;1,00;0,00;1,01;462,49;2,4212846E-6;-;1,00;0,00;1,27;0,01;0,005
01/07/1986;804,0;-;16080,2;12220,0;0,0;0,0;1,0;1,0E-6;1,00;0,00;1,00;0,00;1,01;457,91;2,462696E-6;-;1,00;0,00;1,95;0,01;0,005
01/08/1986;804,0;-;16080,2;12220,0;0,0;0,0;1,0;1,0E-6;1,00;0,00;1,00;0,00;1,01;453,37;2,5501983E-6;-;1,00;0,00;2,57;0,01;0,005
01/09/1986;804,0;-;16080,2;12220,0;0,0;0,0;1,0;1,0E-6;1,00;0,00;1,00;0,00;1,01;448,88;2,5939494E-6;-;1,00;0,00;2,94;0,01;0,005
01/10/1986;804,0;-;16080,2;12220,0;0,0;0,0;1,0;1,0E-6;1,00;0,00;1,00;0,00;1,01;444,44;2,6433156E-6;-;1,00;0,00;1,96;0,01;0,005
01/11/1986;804,0;-;16080,2;12220,0;0,0;0,0;1,0;1,0E-6;1,00;0,00;1,00;0,00;1,03;440,04;2,7874369E-6;-;1,00;0,00;2,37;0,01;0,005
01/12/1986;804,0;-;16080,2;12220,0;0,0;0,0;1,0;1,0E-6;1,00;0,00;1,00;0,00;1,07;427,22;3,1121777E-6;-;1,00;0,00;5,47;0,01;0,005
01/01/1987;-;-;19296,0;14664,0;0,0;0,0;1,0;1,0E-6;1,00;0,00;1,00;0,00;1,17;399,27;3,523251E-6;-;1,00;0,00;11,0;0,01;0,005
01/02/1987;-;-;19296,0;14664,0;0,0;0,0;1,0;1,0E-6;1,71;0,00;1,71;0,00;1,14;341,26;3,9684829E-6;-;1,71;0,00;19,61;0,01;0,005
01/03/1987;1368,0;-;27360,0;20800,0;0,0;0,0;1,0;1,0E-6;1,15;0,00;1,15;0,00;1,14;299,35;4,6181985E-6;-;1,15;0,00;11,95;0,01;0,005
01/04/1987;1368,0;-;27360,0;20800,0;0,0;0,0;1,0;1,0E-6;1,21;0,00;1,21;0,00;1,21;262,59;5,5002395E-6;-;1,21;0,00;15,3;0,01;0,005
01/05/1987;-;-;32832,0;24960,0;0,0;0,0;1,0;1,0E-6;1,23;0,00;1,23;0,00;1,23;217,02;6,6801157E-6;-;1,23;0,00;24,63;0,01;0,005
01/06/1987;-;-;39398,4;29960,0;0,0;0,0;1,0;1,0E-6;1,18;0,00;1,18;0,00;1,21;176,44;7,9968603E-6;-;1,18;0,00;18,02;0,01;0,005
01/07/1987;-;-;39398,4;29960,0;0,0;0,0;1,0;1,0E-6;1,03;0,00;1,03;0,00;1,10;145,81;8,7333762E-6;-;1,03;0,00;8,91;0,01;0,005
01/08/1987;1970,0;1969,92;39398,4;29960,0;0,0;0,0;1,0;1,0E-6;1,06;0,00;1,06;0,00;1,05;132,56;9,1587212E-6;-;1,06;0,00;8,09;0,01;0,005
01/09/1987;2400,0;2062,31;41246,2;31370,0;0,0;0,0;1,0;1,0E-6;1,06;0,00;1,06;0,00;1,07;126,25;9,871373E-6;-;1,06;0,00;7,99;0,01;0,005
01/10/1987;2640,0;2159,03;43180,6;32850,0;0,0;0,0;1,0;1,0E-6;1,09;0,00;1,09;0,00;1,11;117,99;1,09789545E-5;-;1,09;0,00;9,45;0,01;0,005
01/11/1987;3000,0;2260,29;45205,8;34400,0;0,0;0,0;1,0;1,0E-6;1,13;0,00;1,13;0,00;1,15;106,29;1,26344777E-5;-;1,13;0,00;12,92;0,01;0,005
01/12/1987;3600,0;2550,0;51000,0;38820,0;0,0;0,0;1,0;1,0E-6;1,14;0,00;1,14;0,00;1,14;92,43;1,44221901E-5;-;1,14;0,00;14,38;0,01;0,005
01/01/1988;4500,0;3060,0;61200,0;46600,0;0,0;0,0;1,0;1,0E-6;1,17;0,00;1,17;0,00;1,19;81,08;1,7146457E-5;-;1,17;0,00;16,78;0,01;0,005
01/02/1988;5280,0;3600,0;72000,0;54800,0;0,0;0,0;1,0;1,0E-6;1,18;0,00;1,18;0,00;1,16;68,13;1,98384369E-5;-;1,18;0,00;18,35;0,01;0,005
01/03/1988;6240,0;4248,0;84960,0;64660,0;0,0;0,0;1,0;1,0E-6;1,16;0,00;1,16;0,00;1,18;58,74;2,33301029E-5;-;1,16;0,00;16,59;0,01;0,005
01/04/1988;7260,0;4932,0;98640,0;75080,0;0,0;0,0;1,0;1,0E-6;1,19;0,00;1,19;0,00;1,18;49,78;2,7830389E-5;-;1,19;0,00;20,25;0,01;0,005
01/05/1988;8712,0;5918,0;118360,0;90100,0;0,0;0,0;1,0;1,0E-6;1,18;0,00;1,18;0,00;1,18;42,18;3,26783343E-5;-;1,18;0,00;18,65;0,01;0,005
01/06/1988;10368,0;6984,0;139680,0;106340,0;0,0;0,0;1,0;1,0E-6;1,20;0,00;1,20;0,00;1,22;35,75;3,98675537E-5;-;1,20;0,00;20,17;0,01;0,005
01/07/1988;12444,0;8376,0;167520,0;127540,0;0,0;0,0;1,0;1,0E-6;1,24;0,00;1,24;0,00;1,23;29,30;4,86025677E-5;-;1,24;0,00;24,69;0,01;0,005
01/08/1988;15552,0;10464,0;209280,0;159340,0;0,0;0,0;1,0;1,0E-6;1,21;0,00;1,21;0,00;1,21;23,82;5,90958147E-5;-;1,21;0,00;22,63;0,01;0,005
01/09/1988;18960,0;12702,0;254040,0;193420,0;0,0;0,0;1,0;1,0E-6;1,24;0,00;1,24;0,00;1,27;19,69;7,53176493E-5;-;1,24;0,00;26,25;0,01;0,005
01/10/1988;23700,0;15756,0;315120,0;239920,0;0,0;0,266899;1,0;1,0E-6;1,27;0,00;1,27;0,00;1,27;15,50;9,46139936E-5;-;1,27;0,00;29,79;0,01;0,005
01/11/1988;30800,0;20476,0;409520,0;311800,0;0,266899;0,2815;1,0;1,0E-6;1,27;0,00;1,27;0,00;1,28;12,21;1,210492553E-4;-;1,27;0,00;28,41;0,01;0,005
01/12/1988;40425,0;25595,0;511900,0;389760,0;0,2815;0,284301;1,0;1,0E-6;1,29;0,00;1,29;0,00;1,28;9,54;1,557904426E-4;-;1,29;0,00;30,24;0,01;0,005
01/01/1989;-;31,86;637,32;485,26;0,284301;0,354799;1,0;0,001;1,43;0,00;1,43;0,00;1,35;7450,40;2,141963E-4;-;1,43;0,00;22,97;0,01;0,005
01/02/1989;-;36,74;734,8;559,42;-0,998645;0,331458;1,0;0,001;1,10;0,00;1,10;0,00;1,16;5518,81;2,501384201E-4;-;1,10;0,00;18,95;0,01;0,005
01/03/1989;-;36,74;734,8;559,42;0,0;0,144355;1,0;0,001;1,06;0,00;1,06;0,00;1,06;4757,60;2,671978428E-4;-;1,06;0,00;20,41;0,01;0,005
01/04/1989;-;36,74;734,8;559,42;0,0;0,0806;1,0;0,001;1,07;0,00;1,07;0,00;1,08;4488,30;2,894554586E-4;-;1,07;0,00;11,52;0,01;0,005
01/05/1989;-;46,8;936,0;720,0;0,331458;0,1667;1,0;0,001;1,10;0,00;1,10;0,00;1,17;4155,83;3,413257896E-4;-;1,10;0,00;11,43;0,01;0,005
01/06/1989;120,0;-;936,0;720,0;0,1667;294,0;1,0;0,001;1,25;0,00;1,25;0,00;1,29;3551,99;4,391155989E-4;-;1,25;0,00;27,29;0,01;0,005
01/07/1989;-;-;1500,0;1500,0;294,0;274,0;1,0;0,001;1,29;0,00;1,29;0,00;1,27;2753,48;5,609261703E-4;-;1,29;0,00;33,15;0,01;0,005
01/08/1989;-;-;1931,4;1931,4;274,0;0,3318;1,0;0,001;1,29;0,00;1,29;0,00;1,33;2168,10;7,500144816E-4;-;1,29;0,00;35,49;0,01;0,005
01/09/1989;-;-;2498,07;2498,07;0,3318;0,3635;1,0;0,001;1,36;0,00;1,36;0,00;1,36;1630,15;0,001031719911;-;1,36;0,00;38,58;0,01;0,005
01/10/1989;-;-;3396,13;3396,13;0,3635;0,3876;1,0;0,001;1,38;0,00;1,38;0,00;1,39;1198,64;0,0014420348808;-;1,38;0,00;47,7;0,01;0,005
01/11/1989;-;-;4673,75;4673,75;0,3876;0,4847;1,0;0,001;1,41;0,00;1,41;0,00;1,48;862,33;0,0021316159803;-;1,41;0,00;48,41;0,01;0,005
01/12/1989;-;-;6609,62;6609,62;0,4847;0,5128;1,0;0,001;1,54;0,00;1,54;0,00;1,51;582,66;0,0032293981927;-;1,54;0,00;64,21;0,01;0,005
01/01/1990;-;-;10149,07;10149,07;0,5128;0,6819;1,0;0,001;1,56;0,00;1,56;0,00;1,68;385,86;0,0054108567454;-;1,56;0,00;67,6;0,01;0,005
01/02/1990;-;-;15843,71;15843,71;0,6819;0,7399;1,0;0,001;1,73;0,00;1,73;0,00;1,74;229,68;0,0095084984833;-;1,73;0,00;82,04;0,01;0,005
01/03/1990;-;-;27374,76;27374,76;0,7399;1,241768;1,0;0,001;1,84;0,00;1,84;0,00;1,82;132,00;0,017342550351;-;1,84;0,00;36,76;0,01;0,005
01/04/1990;-;-;27374,76;27374,76;0,0;0,230524;1,0;0,001;1,45;0,00;1,45;0,00;1,15;72,53;0,0200341140678;-;1,45;0,00;4,23;0,01;0,005
01/05/1990;-;-;27374,76;27374,76;0,0;0,0731;1,0;0,001;1,08;0,00;1,08;0,00;1,07;63,07;0,0215547032441;-;1,08;0,00;5,69;0,01;0,005
01/06/1990;-;-;28847,52;28847,52;1,241768;0,1164;1,0;0,001;1,10;0,00;1,10;0,00;1,12;58,94;0,0240873809519;-;1,10;0,00;8,73;0,01;0,005
01/07/1990;-;-;36676,74;36676,74;0,1164;0,1262;1,0;0,001;1,13;0,00;1,13;0,00;1,13;52,63;0,027199470492;-;1,13;0,00;13,79;0,01;0,005
01/08/1990;-;-;38910,35;38910,35;0,1262;0,1218;1,0;0,001;1,12;0,00;1,12;0,00;1,12;46,57;0,0307027623187;-;1,12;0,00;11,53;0,01;0,005
01/09/1990;-;-;45287,76;45287,76;0,1218;0,1426;1,0;0,001;1,13;0,00;1,13;0,00;1,14;41,58;0,0351270304097;-;1,13;0,00;15,21;0,01;0,005
01/10/1990;-;-;48045,78;48045,78;0,1426;0,1443;1,0;0,001;1,14;0,00;1,14;0,00;1,14;36,48;0,0401712720553;-;1,14;0,00;16,49;0,01;0,005
01/11/1990;-;-;62286,55;62286,55;0,1443;0,1692;1,0;0,001;1,16;0,00;1,16;0,00;1,17;32,00;0,0469240627842;-;1,16;0,00;19,83;0,01;0,005
01/12/1990;-;-;66079,8;66079,8;0,1692;0,1914;1,0;0,001;1,18;0,00;1,18;0,00;1,19;27,35;0,0555768600186;-;1,18;0,00;22,86;0,01;0,005
01/01/1991;-;-;92168,11;92168,11;0,1914;0,2095;1,0;0,001;1,20;0,00;1,20;0,00;1,21;22,98;0,0671090584724;-;1,20;0,00;21,02;0,01;0,005
01/02/1991;-;-;118859,99;118859,99;0,2095;0,201984;1,0;0,001;1,22;0,00;1,22;0,00;1,20;18,99;0,0810143888491;-;1,22;0,00;6,85;0,01;0,005
01/03/1991;17000,0;-;127120,76;127120,76;0,201984;1,4706;1,0;0,001;1,12;0,00;1,12;0,00;1,12;15,83;0,0906736471203;-;1,12;0,00;8,99;0,01;0,005
01/04/1991;17000,0;-;127120,76;127120,76;0,0;1,1249;1,0;0,001;1,05;0,00;1,05;0,00;1,05;14,13;0,0951976035258;-;1,05;0,00;9,67;0,01;0,005
01/05/1991;17000,0;-;127120,76;127120,76;0,0;0,8275;1,0;0,001;1,07;0,00;1,07;0,00;1,07;13,46;0,1022725378062;-;1,07;0,00;9,56;0,01;0,005
01/06/1991;17000,0;-;127120,76;127120,76;0,0;0,5718;1,0;0,001;1,11;0,00;1,11;0,00;1,11;12,58;0,113715813284;-;1,11;0,00;10,32;0,01;0,005
01/07/1991;17000,0;-;127120,76;127120,76;0,0;0,3519;1,0;0,001;1,12;0,00;1,12;0,00;1,12;11,33;0,1278267780427;-;1,12;0,00;12,39;0,01;0,005
01/08/1991;17000,0;-;170000,0;170000,0;0,0;0,1627;1,0;0,001;1,16;0,00;1,16;0,00;1,16;10,12;0,1478066592194;-;1,16;0,00;15,75;0,01;0,005
01/09/1991;42000,0;-;420002,0;420000,0;1,4706;1,198234;1,0;0,001;1,16;0,00;1,16;0,00;1,16;8,72;0,1709099599291;-;1,16;0,00;19,78;0,01;0,005
01/10/1991;42000,0;-;420002,0;420000,0;0,0;0,901258;1,0;0,001;1,21;0,00;1,21;0,00;1,21;7,52;0,2054843245466;-;1,21;0,00;25,95;0,01;0,005
01/11/1991;42000,0;-;420002,0;420000,0;0,0;0,570249;1,0;0,001;1,26;0,00;1,26;0,00;1,26;6,21;0,2572875157699;-;1,26;0,00;32,43;0,01;0,005
01/12/1991;42000,0;-;420002,0;420000,0;0,0;0,2415;1,0;0,001;1,24;0,00;1,24;0,00;1,24;4,93;0,3182886773263;22,88;1,23;0,00;31,17;0,01;0,005
01/01/1992;-;-;923262,76;923262,76;1,198234;1,303616;1,0;0,001;1,26;0,00;1,26;0,00;1,26;3,98;0,4008536605699;25,6;1,26;0,00;29,06;0,01;0,005
01/02/1992;-;-;923262,76;923262,76;0,0;0,829428;1,0;0,001;1,24;0,00;1,24;0,00;1,24;3,16;0,4983410307284;26,1;1,26;0,00;28,76;0,01;0,005
01/03/1992;-;-;923262,76;923262,76;0,0;0,469656;1,0;0,001;1,22;0,00;1,22;0,00;1,22;2,55;0,6049874674181;22,03;1,22;0,00;26,86;0,01;0,005
01/04/1992;-;-;923262,76;923262,76;0,0;0,2084;1,0;0,001;1,21;0,00;1,21;0,00;1,21;2,09;0,7255614652283;19,83;1,20;0,00;23,92;0,01;0,005
01/05/1992;230000,0;-;2126842,49;2126842,49;1,303616;1,247869;1,0;0,001;1,25;0,00;1,25;0,00;1,25;1,72;0,9059361644186;23,45;1,23;0,00;23,0;0,01;0,005
01/06/1992;230000,0;-;2126842,49;2126842,49;0,0;0,805517;1,0;0,001;1,21;0,00;1,21;0,00;1,21;1,38;1,0890285720637;23,27;1,23;0,00;24,28;0,01;0,005
01/07/1992;230000,0;-;2126842,49;2126842,49;0,0;0,494015;1,0;0,001;1,22;0,00;1,22;0,00;1,22;1,14;1,3267641484791;21,01;1,21;0,00;26,21;0,01;0,005
01/08/1992;230000,0;-;2126842,49;2126842,49;0,0;0,2238;1,0;0,001;1,22;0,00;1,22;0,00;1,22;0,93;1,6205100844213;23,14;1,23;0,00;25,65;0,01;0,005
01/09/1992;-;-;4780863,3;4780863,3;1,247869;1,412128;1,0;0,001;1,24;0,00;1,24;0,00;1,24;0,77;2,0196408623306;23,33;1,23;0,00;27,66;0,01;0,005
01/10/1992;-;-;4780863,3;4780863,3;0,0;0,945579;1,0;0,001;1,26;0,00;1,26;0,00;1,26;0,62;2,5293973801068;25,48;1,25;0,00;28,18;0,01;0,005
01/11/1992;-;-;4780863,3;4780863,3;0,0;0,543253;1,0;0,001;1,23;0,00;1,23;0,00;1,23;0,49;3,0982598885128;23,7;1,24;0,00;26,4;0,01;0,005
01/12/1992;-;-;4780863,3;4780863,3;0,0;0,2558;1,0;0,001;1,26;0,00;1,26;0,00;1,26;0,40;3,88025965509;23,49;1,23;0,00;25,92;0,01;0,005
01/01/1993;1250700,0;-;1,153205423E7;1,153205423E7;1,412128;0,917074;1,0;0,001;1,28;0,00;1,28;0,00;1,28;0,32;5,0579166458253;29,47;1,29;0,00;28,52;0,01;0,005
01/02/1993;1250700,0;-;1,153205423E7;1,153205423E7;0,0;0,498768;1,0;0,001;1,26;0,00;1,26;0,00;1,26;0,25;6,3213843084293;26,72;1,27;0,00;28,9;0,01;0,005
01/03/1993;1709400,0;-;1,576085852E7;1,576085852E7;0,3667;0,627108;1,0;0,001;1,27;0,00;1,27;0,00;1,27;0,20;8,0445948724789;25,96;1,26;0,00;28,36;0,01;0,005
01/04/1993;1709400,0;-;1,576085852E7;1,576085852E7;0,0;0,2825;1,0;0,001;1,28;0,00;1,28;0,00;1,28;0,15;10,2769672819025;27,34;1,27;0,00;30,53;0,01;0,005
01/05/1993;3303300,0;-;3,021473209E7;3,021473209E7;0,917074;0,707363;1,0;0,001;1,28;0,00;1,28;0,00;1,28;0,12;13,1226581300609;28,61;1,29;0,00;30,9;0,01;0,005
01/06/1993;3303300,0;-;3,021473209E7;3,021473209E7;0,0;0,329825;1,0;0,001;1,30;0,00;1,30;0,00;1,30;0,09;17,0686429798089;27,61;1,30;0,00;31,91;0,01;0,005
01/07/1993;4639800,0;-;4,243931055E7;4,243931055E7;0,40459;0,433067;1,0;0,001;1,29;0,00;1,29;0,00;1,29;0,07;22,3121307612362;30,67;0,00;0,00;32,73;0,01;0,005
01/08/1993;5534,0;-;50613,12;50613,12;-0,998807;0,3222;1,0;1,0;1,32;0,00;1,32;0,00;1,32;56,21;29,6662109364145;31,99;1,32;0,00;34,64;0,01;0,005
01/09/1993;9606,0;-;86414,97;86414,97;0,707363;0,752841;1,0;1,0;1,35;0,00;1,35;0,00;1,35;42,58;40,2540807309468;34,38;1,34;0,00;37,23;0,01;0,005
01/10/1993;12024,0;-;108165,62;108165,62;0,2517;0,602231;1,0;1,0;1,35;0,00;1,35;0,00;1,35;31,54;53,9082648348533;35,17;1,35;0,00;38,4;0,01;0,005
01/11/1993;15021,0;-;135120,49;135120,49;0,2492;0,483477;1,0;1,0;1,35;0,00;1,35;0,00;1,35;23,37;73,078046584524;33,9;1,34;0,00;38,38;0,01;0,005
01/12/1993;18760,0;-;168751,98;168751,98;0,2489;0,3735;1,0;1,0;1,37;0,00;1,37;0,00;1,37;17,31;100,0;36,69;1,37;0,00;40,38;0,01;0,005
01/01/1994;32882,0;-;295795,39;295795,39;0,752841;0,428572;1,0;1,0;1,40;0,00;1,40;0,00;1,40;12,63;141,31;39,17;1,39;0,00;42,76;0,01;0,005
01/02/1994;42829,0;-;385273,5;385273,5;0,3025;0,428572;0,001568283;1,0;1,40;0,00;1,40;0,00;1,00;9,02;198,22;39,7;1,40;0,00;41,99;0,01;0,005
01/03/1994;-;-;582,86;582,86;-0,998487;0,428572;1,0;1,0;1,46;0,00;1,46;0,00;1,00;9,02;282,96;43,63;1,44;0,00;46,42;0,01;0,005
01/04/1994;-;-;582,86;582,86;0,0;0,428572;1,0;1,0;1,42;0,00;1,42;0,00;1,00;9,02;403,73;41,25;1,41;0,00;46,49;0,01;0,005
01/05/1994;-;-;582,86;582,86;0,0;0,428572;1,0;1,0;1,44;0,00;1,44;0,00;1,00;9,02;581,49;44,21;1,44;0,00;47,95;0,01;0,005
01/06/1994;-;-;582,86;582,86;0,0;0,428572;1,0;1,0;0,00;0,00;0,00;0,00;1,00;9,02;857,29;44,65;0,00;0,00;50,62;0,01;0,005
01/07/1994;-;-;582,86;582,86;0,0;0,428572;1,0;1,0;1,06;9,20;1,06;4,50;1,06;9,02;915,93;5,21;1,05;6,40;6,87;0,01;0,005
01/08/1994;-;-;582,86;582,86;0,0;0,346693;1,0;1,0;1,05;8,68;1,05;4,24;1,05;8,51;932,97;5,0;1,05;6,09;4,17;0,01;0,005
01/09/1994;70,0;-;582,86;582,86;0,0;0,27697;1,0;1,0;1,02;8,27;1,02;4,04;1,02;8,11;947,24;1,63;1,02;5,80;3,83;0,01;0,005
01/10/1994;70,0;-;582,86;582,86;0,0;0,257975;1,0;1,0;1,02;8,11;1,02;3,96;1,02;7,95;972,06;1,9;1,02;5,69;3,62;0,01;0,005
01/11/1994;70,0;-;582,86;582,86;0,0;0,235004;1,0;1,0;1,03;7,95;1,03;3,88;1,03;7,79;999,37;2,95;1,03;5,58;4,07;0,01;0,005
01/12/1994;70,0;-;582,86;582,86;0,0;0,195899;1,0;1,0;1,02;7,72;1,02;3,77;1,02;7,57;1016,46;2,25;1,02;5,42;3,8;0,01;0,005
01/01/1995;70,0;-;582,86;582,86;0,0;0,17027;1,0;1,0;1,02;7,57;1,02;3,70;1,02;7,42;1033,74;1,78;1,00;5,31;3,37;0,01;0,005
01/02/1995;70,0;-;582,86;582,86;0,0;0,151047;1,0;1,0;1,01;7,42;1,01;3,62;1,01;7,27;1044,28;1,22;1,00;5,31;3,25;0,01;0,005
01/03/1995;70,0;-;582,86;582,86;0,0;0,139764;1,0;1,0;1,01;7,34;1,01;3,59;1,01;7,20;1060,47;1,28;1,04;5,31;4,26;0,01;0,005
01/04/1995;70,0;-;582,86;582,86;0,0;0,123916;1,0;1,0;1,02;7,27;1,02;3,55;1,02;7,13;1086,24;1,95;1,00;5,11;4,26;0,01;0,005
01/05/1995;100,0;-;832,66;832,66;0,428572;0,15;1,0;1,0;1,03;7,13;1,03;3,48;1,03;6,99;1115,24;2,77;1,00;5,11;4,25;0,01;0,005
01/06/1995;100,0;-;832,66;832,66;0,0;0,145403;1,0;1,0;1,02;6,92;1,02;3,38;1,02;6,79;1140,44;2,25;1,07;5,11;4,04;0,01;0,005
01/07/1995;100,0;-;832,66;832,66;0,0;0,116149;1,0;1,0;1,02;6,79;1,02;3,32;1,02;6,65;1167,35;2,59;1,00;4,77;4,02;0,01;0,005
01/08/1995;100,0;-;832,66;832,66;0,0;0,091715;1,0;1,0;1,01;6,65;1,01;3,25;1,01;6,52;1178,91;1,49;1,00;4,77;3,84;0,01;0,005
01/09/1995;100,0;-;832,66;832,66;0,0;0,077824;1,0;1,0;1,01;6,59;1,01;3,22;1,01;6,46;1190,58;0,97;1,05;4,77;3,32;0,01;0,005
01/10/1995;100,0;-;832,66;832,66;0,0;0,089603;1,0;1,0;1,01;6,52;1,01;3,19;1,01;6,39;1207,37;1,34;1,00;4,54;3,09;0,01;0,005
01/11/1995;100,0;-;832,66;832,66;0,0;0,087141;1,0;1,0;1,02;6,46;1,02;3,15;1,02;6,33;1225,12;1,46;1,00;4,54;2,88;0,01;0,005
01/12/1995;100,0;-;832,66;832,66;0,0;0,072902;1,0;1,0;1,02;6,33;1,02;3,09;1,02;6,21;1244,23;1,36;1,04;4,54;2,78;0,01;0,005
01/01/1996;100,0;-;832,66;832,66;0,0;0,069967;1,0;1,0;1,01;6,21;1,01;3,03;1,01;6,08;1260,9;1,63;1,00;4,37;2,58;0,01;0,005
01/02/1996;100,0;-;832,66;832,66;0,0;0,05111;1,0;1,0;1,01;6,14;1,01;3,00;1,01;6,02;1273,89;1,2;1,00;4,37;2,35;0,01;0,005
01/03/1996;100,0;-;832,66;832,66;0,0;0,043157;1,0;1,0;1,00;6,08;1,00;2,97;1,00;5,96;1278,35;0,62;1,00;4,37;2,22;0,01;0,005
01/04/1996;100,0;-;832,66;832,66;0,0;0,0409;1,0;1,0;1,01;6,08;1,01;2,97;1,01;5,96;1294,46;0,7;1,00;4,37;2,07;0,01;0,005
01/05/1996;112,0;-;957,56;957,56;0,15;0,0776;1,0;1,0;1,02;6,02;1,02;2,94;1,02;5,91;1310,25;1,32;1,00;4,37;2,01;0,01;0,005
01/06/1996;112,0;-;957,56;957,56;0,0;0,0714;1,0;1,0;1,01;5,91;1,01;2,89;1,01;5,79;1325,84;1,11;1,07;4,37;1,98;0,01;0,005
01/07/1996;112,0;-;957,56;957,56;0,0;0,0653;1,0;1,0;1,01;5,85;1,01;2,86;1,01;5,73;1340,56;1,37;1,00;4,08;1,93;0,01;0,005
01/08/1996;112,0;-;957,56;957,56;0,0;0,0592;1,0;1,0;1,00;5,79;1,00;2,83;1,00;5,68;1346,46;0,7;1,00;4,08;1,97;0,01;0,005
01/09/1996;112,0;-;957,56;957,56;0,0;0,0531;1,0;1,0;1,00;5,79;1,00;2,83;1,00;5,68;1348,48;0,11;1,00;4,08;1,9;0,01;0,005
01/10/1996;112,0;-;957,56;957,56;0,0;0,0471;1,0;1,0;1,00;5,79;1,00;2,83;1,00;5,68;1352,53;0,14;1,00;4,08;1,86;0,01;0,005
01/11/1996;112,0;-;957,56;957,56;0,0;0,0411;1,0;1,0;1,00;5,79;1,00;2,83;1,00;5,68;1356,86;0,41;1,00;4,08;1,8;0,01;0,005
01/12/1996;112,0;-;957,56;957,56;0,0;0,0351;1,0;1,0;1,01;5,79;1,01;2,83;1,01;5,68;1363,24;0,2;1,03;4,08;1,8;0,01;0,005
01/01/1997;112,0;-;957,56;957,56;0,0;0,0292;1,0;1,0;1,02;5,73;1,02;2,80;1,02;5,62;1379,33;1,13;1,00;3,96;1,73;0,01;0,005
01/02/1997;112,0;-;957,56;957,56;0,0;0,0233;1,0;1,0;1,00;5,62;1,00;2,75;1,00;5,51;1386,23;0,71;1,00;3,96;1,67;0,01;0,005
01/03/1997;112,0;-;957,56;957,56;0,0;0,0174;1,0;1,0;1,01;5,62;1,01;2,75;1,01;5,51;1393,3;0,59;1,00;3,96;1,64;0,01;0,005
01/04/1997;112,0;-;957,56;957,56;0,0;0,0116;1,0;1,0;1,01;5,56;1,01;2,72;1,01;5,45;1405,56;0,68;1,00;3,96;1,66;0,01;0,005
01/05/1997;120,0;-;957,56;957,56;0,0;0,0058;1,0;1,0;1,00;5,51;1,00;2,69;1,00;5,40;1411,32;0,5;1,00;3,96;1,58;0,01;0,005
01/06/1997;120,0;-;1031,87;1031,87;0,0776;0,0481;1,0;1,0;1,01;5,51;1,01;2,69;1,01;5,40;1418,94;0,55;1,00;3,96;1,61;0,01;0,005
01/07/1997;120,0;-;1031,87;1031,87;0,0;44,0;1,0;1,0;1,00;5,45;1,00;2,66;1,00;5,35;1422,06;0,31;1,00;3,96;1,6;0,01;0,005
01/08/1997;120,0;-;1031,87;1031,87;0,0;0,0399;1,0;1,0;1,00;5,45;1,00;2,66;1,00;5,35;1421,78;0,17;1,00;3,96;1,59;0,01;0,005
01/09/1997;120,0;-;1031,87;1031,87;0,0;0,0359;1,0;1,0;1,01;5,45;1,01;2,66;1,01;5,35;1422,63;-0,05;1,00;3,96;1,59;0,01;0,005
01/10/1997;120,0;-;1031,87;1031,87;0,0;0,0318;1,0;1,0;1,00;5,40;1,00;2,64;1,00;5,29;1425,9;0,25;1,00;3,96;1,67;0,01;0,005
01/11/1997;120,0;-;1031,87;1031,87;0,0;0,0278;1,0;1,0;1,01;5,40;1,01;2,64;1,01;5,29;1428,32;0,07;1,00;3,96;3,04;0,01;0,005
01/12/1997;120,0;-;1031,87;1031,87;0,0;0,0238;1,0;1,0;1,01;5,35;1,01;2,61;1,01;5,24;1434,46;0,49;1,06;3,96;2,97;0,01;0,005
01/01/1998;120,0;-;1031,87;1031,87;0,0;0,0198;1,0;1,0;1,01;5,29;1,01;2,59;1,01;5,19;1444,64;0,54;1,00;3,74;2,67;0,01;0,005
01/02/1998;120,0;-;1031,87;1031,87;0,0;0,0158;1,0;1,0;1,00;5,24;1,00;2,56;1,00;5,14;1451,29;0,64;1,00;3,74;2,13;0,01;0,005
01/03/1998;120,0;-;1031,87;1031,87;0,0;0,0118;1,0;1,0;1,00;5,24;1,00;2,56;1,00;5,14;1456,22;0,39;1,00;3,74;2,2;0,01;0,005
01/04/1998;120,0;-;1031,87;1031,87;0,0;0,0079;1,0;1,0;1,00;5,24;1,00;2,56;1,00;5,14;1459,71;0,22;1,00;3,74;1,71;0,01;0,005
01/05/1998;130,0;-;1031,87;1031,87;0,0;0,0039;1,0;1,0;1,00;5,24;1,00;2,56;1,00;5,14;1467,01;0,41;1,00;3,74;1,63;0,01;0,005
01/06/1998;130,0;-;1081,5;1081,5;0,0481;0,0461;1,0;1,0;1,00;5,24;1,00;2,56;1,00;5,14;1467,3;0,34;1,00;3,74;1,6;0,01;0,005
01/07/1998;130,0;-;1081,5;1081,5;0,0;0,0422;1,0;1,0;1,00;5,24;1,00;2,56;1,00;5,14;1465,54;-0,11;1,00;3,74;1,7;0,01;0,005
01/08/1998;130,0;-;1081,5;1081,5;0,0;0,0383;1,0;1,0;1,00;5,24;1,00;2,56;1,00;5,14;1458,07;-0,37;1,00;3,74;1,48;0,01;0,005
01/09/1998;130,0;-;1081,5;1081,5;0,0;0,0344;1,0;1,0;1,00;5,24;1,00;2,56;1,00;5,14;1454,86;-0,44;1,00;3,74;2,49;0,01;0,005
01/10/1998;130,0;-;1081,5;1081,5;0,0;0,0305;1,0;1,0;1,00;5,24;1,00;2,56;1,00;5,14;1455,15;0,01;1,00;3,74;2,94;0,01;0,005
01/11/1998;130,0;-;1081,5;1081,5;0,0;0,0266;1,0;1,0;1,00;5,24;1,00;2,56;1,00;5,14;1453,4;-0,11;1,00;3,74;2,63;0,01;0,005
01/12/1998;130,0;-;1200,0;1200,0;0,0;0,0228;1,0;1,0;1,01;5,24;1,01;2,56;1,01;5,14;1458,2;0,13;1,02;3,74;2,4;0,01;0,005
01/01/1999;130,0;-;1200,0;1200,0;0,0;19,0;1,0;1,0;1,01;5,19;1,01;2,54;1,01;5,09;1468,41;0,68;1,00;3,67;2,18;0,01;0,005
01/02/1999;130,0;-;1200,0;1200,0;0,0;0,0151;1,0;1,0;1,04;5,14;1,04;2,51;1,04;5,04;1483,83;0,64;1,00;3,67;2,38;0,01;0,005
01/03/1999;130,0;-;1200,0;1200,0;0,0;0,0113;1,0;1,0;1,02;4,94;1,02;2,41;1,02;4,84;1500,15;1,22;1,00;3,67;3,33;0,01;0,005
01/04/1999;130,0;-;1200,0;1200,0;0,0;0,0075;1,0;1,0;1,00;4,84;1,00;2,37;1,00;4,75;1508,55;0,78;1,00;3,67;2,35;0,01;0,005
01/05/1999;136,0;-;1200,0;1200,0;0,0;0,0038;1,0;1,0;1,00;4,84;1,00;2,37;1,00;4,75;1513,08;0,51;1,00;3,67;2,02;0,01;0,005
01/06/1999;136,0;-;1255,32;1255,32;0,0461;0,0581;1,0;1,0;1,01;4,84;1,01;2,37;1,01;4,75;1515,95;-0,02;1,00;3,67;1,67;0,01;0,005
01/07/1999;136,0;-;1255,32;1255,32;0,0;0,0531;1,0;1,0;1,02;4,80;1,02;2,34;1,02;4,70;1532,47;0,79;1,00;3,67;1,66;0,01;0,005
01/08/1999;136,0;-;1255,32;1255,32;0,0;0,0482;1,0;1,0;1,01;4,70;1,01;2,30;1,01;4,61;1541,05;0,81;1,00;3,67;1,57;0,01;0,005
01/09/1999;136,0;-;1255,32;1255,32;0,0;0,0433;1,0;1,0;1,01;4,65;1,01;2,27;1,01;4,56;1545,83;0,47;1,00;3,67;1,49;0,01;0,005
01/10/1999;136,0;-;1255,32;1255,32;0,0;0,0384;1,0;1,0;1,02;4,61;1,02;2,25;1,02;4,52;1564,23;0,8;1,00;3,67;1,38;0,01;0,005
01/11/1999;136,0;-;1255,32;1255,32;0,0;0,0335;1,0;1,0;1,03;4,52;1,03;2,21;1,03;4,43;1579,09;0,99;1,00;3,67;1,39;0,01;0,005
01/12/1999;136,0;-;1255,32;1255,32;0,0;0,0286;1,0;1,0;1,01;4,39;1,01;2,14;1,01;4,30;1588,56;0,91;1,09;3,67;1,6;0,01;0,005
01/01/2000;136,0;-;1255,32;1255,32;0,0;0,0238;1,0;1,0;1,01;4,34;1,01;2,12;1,01;4,26;1598,41;0,65;1,00;3,36;1,46;0,01;0,005
01/02/2000;136,0;-;1255,32;1255,32;0,0;19,0;1,0;1,0;1,00;4,30;1,00;2,10;1,00;4,22;1600,49;0,34;1,00;3,36;1,45;0,01;0,005
01/03/2000;136,0;-;1255,32;1255,32;0,0;0,0142;1,0;1,0;1,00;4,30;1,00;2,10;1,00;4,22;1604,01;0,09;1,00;3,36;1,45;0,01;0,005
01/04/2000;151,0;-;1255,32;1255,32;0,0;0,0095;1,0;1,0;1,00;4,30;1,00;2,10;1,00;4,22;1610,75;0,47;1,00;3,36;1,3;0,01;0,005
01/05/2000;151,0;-;1255,32;1255,32;0,0;0,0047;1,0;1,0;1,01;4,30;1,01;2,10;1,01;4,22;1610,91;0,09;1,00;3,36;1,49;0,01;0,005
01/06/2000;151,0;-;1328,25;1328,25;0,0581;0,0766;1,0;1,0;1,01;4,26;1,01;2,08;1,01;4,17;1614,62;0,08;1,00;3,36;1,39;0,01;0,005
01/07/2000;151,0;-;1328,25;1328,25;0,0;0,0734;1,0;1,0;1,02;4,22;1,02;2,06;1,02;4,13;1640,62;0,78;1,00;3,36;1,31;0,01;0,005
01/08/2000;151,0;-;1328,25;1328,25;0,0;0,0587;1,0;1,0;1,02;4,13;1,02;2,02;1,02;4,05;1662,11;1,99;1,00;3,36;1,41;0,01;0,005
01/09/2000;151,0;-;1328,25;1328,25;0,0;46,0;1,0;1,0;1,01;4,05;1,01;1,98;1,01;3,97;1665,93;0,45;1,00;3,36;1,22;0,01;0,005
01/10/2000;151,0;-;1328,25;1328,25;0,0;0,0415;1,0;1,0;1,00;4,01;1,00;1,96;1,00;3,93;1668,26;0,18;1,00;3,36;1,29;0,01;0,005
01/11/2000;151,0;-;1328,25;1328,25;0,0;0,0399;1,0;1,0;1,00;4,01;1,00;1,96;1,00;3,93;1673,6;0,17;1,00;3,36;1,22;0,01;0,005
01/12/2000;151,0;-;1328,25;1328,25;0,0;0,0368;1,0;1,0;1,01;4,01;1,01;1,96;1,01;3,93;1683,47;0,6;1,01;3,36;1,2;0,01;0,005
01/01/2001;151,0;-;1328,25;1328,25;0,0;0,0312;1,0;1,0;1,00;3,97;1,00;1,94;1,00;3,89;1693,07;0,63;1,01;3,33;1,27;0,01;0,005
01/02/2001;151,0;-;1328,25;1328,25;0,0;0,0233;1,0;1,0;1,00;3,97;1,00;1,94;1,00;3,89;1700,86;0,5;1,01;3,30;1,02;0,01;0,005
01/03/2001;151,0;-;1328,25;1328,25;0,0;0,0183;1,0;1,0;1,01;3,97;1,01;1,94;1,01;3,89;1707,32;0,36;1,00;3,27;1,26;0,01;0,005
01/04/2001;180,0;-;1328,25;1328,25;0,0;0,0134;1,0;1,0;1,01;3,93;1,01;1,92;1,01;3,86;1717,22;0,5;1,01;3,27;1,19;0,01;0,005
01/05/2001;180,0;-;1328,25;1328,25;0,0;5,0;1,0;1,0;1,00;3,89;1,00;1,90;1,00;3,82;1724,26;0,49;1,00;3,23;1,34;0,01;0,005
01/06/2001;180,0;-;1430,0;1430,0;0,0766;92,0;1,0;1,0;1,01;3,89;1,01;1,90;1,01;3,82;1733,23;0,38;1,00;3,23;1,27;0,01;0,005
01/07/2001;180,0;-;1430,0;1430,0;0,0;0,0855;1,0;1,0;1,02;3,86;1,02;1,88;1,02;3,78;1756,28;0,94;1,01;3,23;1,5;0,01;0,005
01/08/2001;180,0;-;1430,0;1430,0;0,0;0,0736;1,0;1,0;1,01;3,78;1,01;1,85;1,01;3,71;1768,57;1,18;1,01;3,20;1,6;0,01;0,005
01/09/2001;180,0;-;1430,0;1430,0;0,0;0,0652;1,0;1,0;1,00;3,74;1,00;1,83;1,00;3,67;1773,52;0,38;1,00;3,17;1,32;0,01;0,005
01/10/2001;180,0;-;1430,0;1430,0;0,0;0,0605;1,0;1,0;1,01;3,74;1,01;1,83;1,01;3,67;1788,24;0,37;1,00;3,17;1,53;0,01;0,005
01/11/2001;180,0;-;1430,0;1430,0;0,0;0,0506;1,0;1,0;1,01;3,71;1,01;1,81;1,01;3,63;1800,94;0,99;1,01;3,17;1,39;0,01;0,005
01/12/2001;180,0;-;1430,0;1430,0;0,0;0,0372;1,0;1,0;1,00;3,67;1,00;1,79;1,00;3,60;1812,65;0,55;1,01;3,14;1,39;0,01;0,005
01/01/2002;180,0;-;1430,0;1430,0;0,0;0,0296;1,0;1,0;1,00;3,67;1,00;1,79;1,00;3,60;1822,08;0,62;1,01;3,11;1,53;0,01;0,005
01/02/2002;180,0;-;1430,0;1430,0;0,0;0,0187;1,0;1,0;1,00;3,67;1,00;1,79;1,00;3,60;1828,64;0,44;1,00;3,08;1,25;0,01;0,005
01/03/2002;180,0;-;1430,0;1430,0;0,0;0,0156;1,0;1,0;1,00;3,67;1,00;1,79;1,00;3,60;1839,61;0,4;1,00;3,08;1,37;0,01;0,005
01/04/2002;200,0;-;1430,0;1430,0;0,0;0,0093;1,0;1,0;1,01;3,67;1,01;1,79;1,01;3,60;1854,33;0,78;1,01;3,08;1,48;0,01;0,005
01/05/2002;200,0;-;1430,0;1430,0;0,0;0,0025;1,0;1,0;1,01;3,63;1,01;1,77;1,01;3,56;1858,22;0,42;1,00;3,05;1,41;0,01;0,005
01/06/2002;200,0;-;1561,56;1561,56;92,0;0,1971;1,0;1,0;1,02;3,60;1,02;1,76;1,02;3,53;1866,02;0,33;1,00;3,05;1,33;0,01;0,005
01/07/2002;200,0;-;1561,56;1561,56;0,0;0,1898;1,0;1,0;1,02;3,53;1,02;1,72;1,02;3,46;1888,23;0,77;1,01;3,05;1,54;0,01;0,005
01/08/2002;200,0;-;1561,56;1561,56;0,0;0,1763;1,0;1,0;1,02;3,46;1,02;1,69;1,02;3,39;1900,5;1,0;1,01;3,02;1,44;0,01;0,005
01/09/2002;200,0;-;1561,56;1561,56;0,0;0,1663;1,0;1,0;1,03;3,39;1,03;1,66;1,03;3,32;1914,18;0,62;1,01;2,99;1,38;0,01;0,005
01/10/2002;200,0;-;1561,56;1561,56;0,0;0,1567;1,0;1,0;1,04;3,29;1,04;1,61;1,04;3,23;1939,26;0,9;1,01;2,96;1,65;0,01;0,005
01/11/2002;200,0;-;1561,56;1561,56;0,0;0,1388;1,0;1,0;1,06;3,16;1,06;1,55;1,06;3,10;1997,83;2,08;1,02;2,93;1,54;0,01;0,005
01/12/2002;200,0;-;1561,56;1561,56;0,0;0,1015;1,0;1,0;1,03;2,98;1,03;1,46;1,03;2,93;2039,78;3,05;1,03;2,87;1,74;0,01;0,005
01/01/2003;200,0;-;1561,56;1561,56;0,0;0,0725;1,0;1,0;1,02;2,90;1,02;1,42;1,02;2,84;2085,68;1,98;1,02;2,79;1,97;0,01;0,005
01/02/2003;200,0;-;1561,56;1561,56;0,0;0,0467;1,0;1,0;1,02;2,84;1,02;1,39;1,02;2,79;2118,43;2,19;1,02;2,73;1,83;0,01;0,005
01/03/2003;200,0;-;1561,56;1561,56;0,0;0,0316;1,0;1,0;1,02;2,79;1,02;1,36;1,02;2,73;2144,49;1,14;1,01;2,68;1,78;0,01;0,005
01/04/2003;240,0;-;1561,56;1561,56;0,0;0,0177;1,0;1,0;1,00;2,73;1,00;1,33;1,00;2,68;2165,29;1,14;1,01;2,65;1,87;0,01;0,005
01/05/2003;240,0;-;1561,56;1561,56;0,0;0,0038;1,0;1,0;0,99;2,73;0,99;1,33;0,99;2,68;2178,5;0,85;1,01;2,63;1,97;0,01;0,005
01/06/2003;240,0;-;1869,34;1869,34;0,1971;0,0453;1,0;1,0;0,99;2,76;0,99;1,35;0,99;2,70;2175,23;0,22;1,00;2,60;1,86;0,01;0,005
01/07/2003;240,0;-;1869,34;1869,34;0,0;0,0459;1,0;1,0;1,00;2,79;1,00;1,36;1,00;2,73;2179,58;-0,18;1,00;2,60;2,08;0,01;0,005
01/08/2003;240,0;-;1869,34;1869,34;0,0;0,0455;1,0;1,0;1,01;2,79;1,01;1,36;1,01;2,73;2186,99;0,27;1,00;2,60;1,77;0,01;0,005
01/09/2003;240,0;-;1869,34;1869,34;0,0;0,0436;1,0;1,0;1,01;2,76;1,01;1,35;1,01;2,70;2204,05;0,57;1,01;2,60;1,68;0,01;0,005
01/10/2003;240,0;-;1869,34;1869,34;0,0;0,0351;1,0;1,0;1,00;2,73;1,00;1,33;1,00;2,68;2210,44;0,66;1,01;2,57;1,64;0,01;0,005
01/11/2003;240,0;-;1869,34;1869,34;0,0;0,0311;1,0;1,0;1,00;2,73;1,00;1,33;1,00;2,68;2217,96;0,17;1,00;2,55;1,34;0,01;0,005
01/12/2003;240,0;-;1869,34;1869,34;0,0;0,0273;1,0;1,0;1,01;2,73;1,01;1,33;1,01;2,68;2229,49;0,46;1,00;2,55;1,37;0,01;0,005
01/01/2004;240,0;-;2400,0;2400,0;0,0;0,0218;1,0;1,0;1,01;2,70;1,01;1,32;1,01;2,65;2246,43;0,68;1,01;2,55;1,27;0,01;0,005
01/02/2004;240,0;-;2400,0;2400,0;0,0;0,0134;1,0;1,0;1,01;2,68;1,01;1,31;1,00;2,62;2260,13;0,9;1,01;2,52;1,08;0,01;0,005
01/03/2004;240,0;-;2400,0;2400,0;0,0;0,0094;1,0;1,0;1,01;2,65;1,01;1,30;1,01;2,62;2270,75;0,4;1,00;2,50;1,38;0,01;0,005
01/04/2004;240,0;-;2400,0;2400,0;0,0;0,0037;1,0;1,0;1,01;2,62;1,01;1,28;1,00;2,60;2279,15;0,21;1,00;2,50;1,18;0,01;0,005
01/05/2004;260,0;-;2508,72;2508,72;0,0453;0,06355;1,0;1,0;1,01;2,60;1,01;1,27;1,00;2,60;2290,77;0,54;1,01;2,50;1,23;0,01;0,005
01/06/2004;260,0;-;2508,72;2508,72;0,0;0,05932;1,0;1,0;1,01;2,57;1,01;1,26;1,01;2,60;2307,03;0,56;1,01;2,47;1,23;0,01;0,005
01/07/2004;260,0;-;2508,72;2508,72;0,0;0,05405;1,0;1,0;1,01;2,55;1,01;1,24;1,01;2,57;2328,02;0,93;1,01;2,45;1,29;0,01;0,005
01/08/2004;260,0;-;2508,72;2508,72;0,0;0,04641;1,0;1,0;1,01;2,52;1,01;1,23;1,01;2,55;2344,08;0,79;1,01;2,42;1,29;0,01;0,005
01/09/2004;260,0;-;2508,72;2508,72;0,0;0,0412;1,0;1,0;1,00;2,50;1,00;1,22;1,00;2,52;2351,82;0,49;1,00;2,40;1,25;0,01;0,005
01/10/2004;260,0;-;2508,72;2508,72;0,0;0,03944;1,0;1,0;1,01;2,50;1,01;1,22;1,00;2,52;2362,17;0,32;1,00;2,40;1,21;0,01;0,005
01/11/2004;260,0;-;2508,72;2508,72;0,0;0,03767;1,0;1,0;1,01;2,47;1,01;1,21;1,00;2,52;2378,47;0,63;1,01;2,40;1,25;0,01;0,005
01/12/2004;260,0;-;2508,72;2508,72;0,0;0,03313;1,0;1,0;1,01;2,45;1,01;1,20;1,01;2,52;2398,92;0,84;1,01;2,38;1,48;0,01;0,005
01/01/2005;260,0;-;2508,72;2508,72;0,0;0,02432;1,0;1,0;1,00;2,42;1,00;1,18;1,01;2,50;2412,83;0,68;1,01;2,35;1,38;0,01;0,005
01/02/2005;260,0;-;2508,72;2508,72;0,0;0,01851;1,0;1,0;1,00;2,42;1,00;1,18;1,00;2,47;2427,07;0,74;1,01;2,33;1,22;0,01;0,005
01/03/2005;260,0;-;2508,72;2508,72;0,0;0,01405;1,0;1,0;1,01;2,42;1,01;1,18;1,01;2,47;2441,87;0,35;1,00;2,31;1,53;0,01;0,005
01/04/2005;260,0;-;2508,72;2508,72;0,0;0,0067;1,0;1,0;1,01;2,40;1,01;1,17;1,01;2,45;2463,11;0,74;1,01;2,31;1,41;0,01;0,005
01/05/2005;300,0;-;2668,15;2668,15;0,06355;0,0501;1,0;1,0;1,00;2,38;1,00;1,16;1,01;2,42;2475,18;0,83;1,01;2,28;1,5;0,01;0,005
01/06/2005;300,0;-;2668,15;2668,15;0,0;0,0428;1,0;1,0;1,00;2,38;1,00;1,16;1,00;2,40;2474,68;0,12;1,00;2,26;1,59;0,01;0,005
01/07/2005;300,0;-;2668,15;2668,15;0,0;0,04395;1,0;1,0;1,00;2,38;1,00;1,16;1,00;2,40;2480,87;0,11;1,00;2,26;1,51;0,01;0,005
01/08/2005;300,0;-;2668,15;2668,15;0,0;0,04364;1,0;1,0;0,99;2,38;0,99;1,16;1,00;2,40;2485,09;0,28;1,00;2,26;1,66;0,01;0,005
01/09/2005;300,0;-;2668,15;2668,15;0,0;0,04364;1,0;1,0;1,00;2,40;1,00;1,17;1,00;2,40;2493,79;0,16;1,00;2,26;1,5;0,01;0,005
01/10/2005;300,0;-;2668,15;2668,15;0,0;0,04208;1,0;1,0;1,01;2,40;1,01;1,17;1,01;2,40;2512,49;0,56;1,01;2,26;1,41;0,01;0,005
01/11/2005;300,0;-;2668,15;2668,15;0,0;0,03607;1,0;1,0;1,00;2,38;1,00;1,16;1,01;2,38;2526,31;0,78;1,01;2,24;1,38;0,01;0,005
01/12/2005;300,0;-;2668,15;2668,15;0,0;0,0305;1,0;1,0;1,00;2,38;1,00;1,16;1,00;2,35;2535,4;0,38;1,00;2,22;1,47;0,01;0,005
01/01/2006;300,0;-;2668,15;2668,15;0,0;0,0264;1,0;1,0;1,01;2,38;1,01;1,16;1,00;2,35;2550,36;0,51;1,01;2,22;1,43;0,01;0,005
01/02/2006;300,0;-;2668,15;2668,15;0,0;0,02251;1,0;1,0;1,00;2,35;1,00;1,15;1,00;2,35;2560,82;0,52;1,01;2,19;1,15;0,01;0,005
01/03/2006;300,0;-;2668,15;2668,15;0,0;0,02017;1,0;1,0;1,00;2,35;1,00;1,15;1,00;2,35;2571,83;0,37;1,00;2,17;1,42;0,01;0,005
01/04/2006;350,0;-;2801,56;2801,56;0,0501;33,0;1,0;1,0;1,00;2,35;1,00;1,15;1,00;2,35;2577,23;0,17;1,00;2,17;1,08;0,01;0,005
01/05/2006;350,0;-;2801,56;2801,56;0,0;0,0317;1,0;1,0;1,00;2,35;1,00;1,15;1,00;2,35;2579,81;0,27;1,00;2,17;1,28;0,01;0,005
01/06/2006;350,0;-;2801,56;2801,56;0,0;0,0304;1,0;1,0;1,01;2,35;1,01;1,15;1,00;2,35;2574,39;-0,15;1,00;2,17;1,18;0,01;0,005
01/07/2006;350,0;-;2801,56;2801,56;0,0;0,0311;1,0;1,0;1,00;2,33;1,00;1,14;1,00;2,35;2579,28;-0,02;1,00;2,17;1,17;0,01;0,005
01/08/2006;350,0;-;2801,82;2801,82;0,0;0,03;1,0;1,0;1,00;2,33;1,00;1,14;1,00;2,35;2580,57;0,19;1,00;2,17;1,26;0,01;0,005
01/09/2006;350,0;-;2801,82;2801,82;0,0;0,0302;1,0;1,0;1,00;2,33;1,00;1,14;1,00;2,35;2585,99;0,05;1,00;2,17;1,06;0,01;0,005
01/10/2006;350,0;-;2801,82;2801,82;0,0;0,0285;1,0;1,0;1,00;2,33;1,00;1,14;1,00;2,35;2594,52;0,29;1,00;2,17;1,09;0,01;0,005
01/11/2006;350,0;-;2801,82;2801,82;0,0;0,0241;1,0;1,0;1,00;2,33;1,00;1,14;1,00;2,35;2602,56;0,37;1,00;2,17;1,02;0,01;0,005
01/12/2006;350,0;-;2801,82;2801,82;0,0;0,0198;1,0;1,0;1,01;2,33;1,01;1,14;1,01;2,35;2615,05;0,35;1,00;2,17;0,99;0,01;0,005
01/01/2007;350,0;-;2801,82;2801,82;0,0;0,0136;1,0;1,0;1,00;2,31;1,00;1,13;1,00;2,33;2626,56;0,52;1,01;2,17;1,08;0,01;0,005
01/02/2007;350,0;-;2801,82;2801,82;0,0;0,0086;1,0;1,0;1,00;2,31;1,00;1,13;1,00;2,33;2638,12;0,46;1,00;2,15;0,87;0,01;0,005
01/03/2007;350,0;-;2801,82;2801,82;0,0;0,0044;1,0;1,0;1,00;2,31;1,00;1,13;1,00;2,33;2647,88;0,41;1,00;2,15;1,05;0,01;0,005
01/04/2007;380,0;-;2894,28;2894,28;33,0;0,05;1,0;1,0;1,00;2,31;1,00;1,13;1,00;2,33;2654,5;0,22;1,00;2,15;0,94;0,01;0,005
01/05/2007;380,0;-;2894,28;2894,28;0,0;0,0473;1,0;1,0;1,00;2,31;1,00;1,13;1,00;2,33;2661,93;0,26;1,00;2,15;1,03;0,01;0,005
01/06/2007;380,0;-;2894,28;2894,28;0,0;0,0445;1,0;1,0;1,00;2,31;1,00;1,13;1,00;2,33;2669,38;0,29;1,00;2,15;0,91;0,01;0,005
01/07/2007;380,0;-;2894,28;2894,28;0,0;0,0413;1,0;1,0;1,00;2,31;1,00;1,13;1,00;2,33;2675,79;0,24;1,00;2,15;0,97;0,01;0,005
01/08/2007;380,0;-;2894,28;2894,28;0,0;38,0;1,0;1,0;1,01;2,31;1,01;1,13;1,01;2,33;2688,37;0,42;1,00;2,15;0,99;0,01;0,005
01/09/2007;380,0;-;2894,28;2894,28;0,0;0,0319;1,0;1,0;1,00;2,28;1,00;1,12;1,00;2,31;2693,21;0,29;1,00;2,15;0,8;0,01;0,005
01/10/2007;380,0;-;2894,28;2894,28;0,0;0,0293;1,0;1,0;1,00;2,28;1,00;1,12;1,00;2,31;2701,29;0,24;1,00;2,15;0,93;0,01;0,005
01/11/2007;380,0;-;2894,28;2894,28;0,0;0,0262;1,0;1,0;1,00;2,28;1,00;1,12;1,00;2,31;2711,55;0,23;1,00;2,15;0,84;0,01;0,005
01/12/2007;380,0;-;2894,28;2894,28;0,0;0,0219;1,0;1,0;1,01;2,28;1,01;1,12;1,01;2,31;2731,62;0,7;1,01;2,15;0,84;0,01;0,005
01/01/2008;380,0;-;2894,28;2894,28;0,0;12,0;1,0;1,0;1,01;2,26;1,01;1,10;1,01;2,28;2746,37;0,7;1,01;2,13;0,93;0,01;0,005
01/02/2008;380,0;-;2894,28;2894,28;0,0;0,0051;1,0;1,0;1,00;2,24;1,00;1,09;1,01;2,26;2759,83;0,64;1,01;2,11;0,8;0,01;0,005
01/03/2008;415,0;-;3038,99;3038,99;0,05;0,0592;1,0;1,0;1,01;2,24;1,01;1,09;1,01;2,24;2773,08;0,23;1,00;2,09;0,84;0,01;0,005
01/04/2008;415,0;-;3038,99;3038,99;0,0;0,0538;1,0;1,0;1,01;2,22;1,01;1,08;1,01;2,22;2788,33;0,59;1,01;2,09;0,9;0,01;0,005
01/05/2008;415,0;-;3038,99;3038,99;0,0;0,0471;1,0;1,0;1,01;2,19;1,01;1,07;1,01;2,19;2810,36;0,56;1,01;2,07;0,88;0,01;0,005
01/06/2008;415,0;-;3038,99;3038,99;0,0;0,0372;1,0;1,0;1,01;2,17;1,01;1,06;1,01;2,17;2831,16;0,9;1,01;2,05;0,96;0,01;0,005
01/07/2008;415,0;-;3038,99;3038,99;0,0;0,0278;1,0;1,0;1,01;2,15;1,01;1,05;1,01;2,15;2846,16;0,63;1,01;2,03;1,07;0,01;0,005
01/08/2008;415,0;-;3038,99;3038,99;0,0;0,0219;1,0;1,0;1,00;2,13;1,00;1,04;1,00;2,13;2854,13;0,35;1,00;2,01;1,02;0,01;0,005
01/09/2008;415,0;-;3038,99;3038,99;0,0;0,0197;1,0;1,0;1,00;2,13;1,00;1,04;1,00;2,13;2861,55;0,26;1,00;2,01;1,1;0,01;0,005
01/10/2008;415,0;-;3038,99;3038,99;0,0;0,0182;1,0;1,0;1,01;2,13;1,01;1,04;1,01;2,13;2874,43;0,3;1,00;2,01;1,18;0,01;0,005
01/11/2008;415,0;-;3038,99;3038,99;0,0;0,0132;1,0;1,0;1,00;2,11;1,00;1,03;1,00;2,11;2884,78;0,49;1,00;2,01;1,02;0,01;0,005
01/12/2008;415,0;-;3038,99;3038,99;0,0;0,0093;1,0;1,0;1,00;2,11;1,00;1,03;1,00;2,11;2892,86;0,29;1,00;2,01;1,12;0,01;0,005
01/01/2009;415,0;-;3038,99;3038,99;0,0;0,0064;1,0;1,0;1,01;2,11;1,01;1,03;1,01;2,11;2906,74;0,4;1,00;2,01;1,05;0,01;0,005
01/02/2009;465,0;-;3218,9;3218,9;0,0592;0,0772;1,0;1,0;1,00;2,09;1,00;1,02;1,00;2,09;2922,73;0,63;1,01;2,01;0,86;0,01;0,005
01/03/2009;465,0;-;3218,9;3218,9;0,0;0,0739;1,0;1,0;1,00;2,09;1,00;1,02;1,00;2,09;2928,57;0,11;1,00;1,99;0,97;0,01;0,005
01/04/2009;465,0;-;3218,9;3218,9;0,0;0,0717;1,0;1,0;1,01;2,09;1,01;1,02;1,01;2,09;2942,63;0,36;1,00;1,99;0,84;0,01;0,005
01/05/2009;465,0;-;3218,9;3218,9;0,0;0,0658;1,0;1,0;1,01;2,07;1,01;1,01;1,01;2,07;2956,46;0,59;1,01;1,99;0,77;0,01;0,005
01/06/2009;465,0;-;3218,9;3218,9;0,0;0,0595;1,0;1,0;1,00;2,05;1,00;1,00;1,00;2,05;2967,1;0,38;1,00;1,97;0,76;0,01;0,005
01/07/2009;465,0;-;3218,9;3218,9;0,0;0,0551;1,0;1,0;1,00;2,05;1,00;1,00;1,00;2,05;2974,22;0,22;1,00;1,97;0,79;0,005;0,005
01/08/2009;465,0;-;3218,9;3218,9;0,0;0,0526;1,0;1,0;1,00;2,05;1,00;1,00;1,00;2,05;2978,68;0,23;1,00;1,97;0,69;0,005;0,005
01/09/2009;465,0;-;3218,9;3218,9;0,0;0,0518;1,0;1,0;1,00;2,05;1,00;1,00;1,00;2,05;2985,83;0,19;1,00;1,97;0,69;0,005;0,005
01/10/2009;465,0;-;3218,9;3218,9;0,0;0,0501;1,0;1,0;1,00;2,05;1,00;1,00;1,00;2,05;2994,19;0,18;1,00;1,97;0,69;0,005;0,005
01/11/2009;465,0;-;3218,9;3218,9;0,0;0,0477;1,0;1,0;1,00;2,05;1,00;1,00;1,00;2,05;3006,47;0,44;1,00;1,97;0,66;0,005;0,005
01/12/2009;465,0;-;3218,9;3218,9;0,0;0,0438;1,0;1,0;1,00;2,05;1,00;1,00;1,00;2,05;3017,59;0,38;1,00;1,97;0,73;0,005;0,005
01/01/2010;510,0;-;3467,4;3467,4;0,0772;0,0647;1,0;1,0;1,01;2,05;1,00;1,00;1,01;2,05;3040,22;0,52;1,01;1,97;0,66;0,005;0,005
01/02/2010;510,0;-;3467,4;3467,4;0,0;0,0554;1,0;1,0;1,01;2,03;1,00;1,00;1,01;2,03;3063,93;0,94;1,01;1,95;0,59;0,005;0,005
01/03/2010;510,0;-;3467,4;3467,4;0,0;48,0;1,0;1,0;1,01;2,01;1,00;1,00;1,01;2,01;3079,86;0,55;1,01;1,93;0,76;0,005;0,005
01/04/2010;510,0;-;3467,4;3467,4;0,0;0,0406;1,0;1,0;1,01;1,99;1,00;1,00;1,01;1,99;3097,42;0,48;1,00;1,91;0,67;0,005;0,005
01/05/2010;510,0;-;3467,4;3467,4;0,0;0,0331;1,0;1,0;1,00;1,97;1,00;1,00;1,00;1,97;3110,74;0,63;1,01;1,91;0,75;0,005;0,005
01/06/2010;510,0;-;3467,4;3467,4;0,0;0,0287;1,0;1,0;1,00;1,97;1,00;1,00;1,00;1,97;3110,74;0,19;1,00;1,89;0,79;0,005;0,005
01/07/2010;510,0;-;3467,4;3467,4;0,0;0,0298;1,0;1,0;1,00;1,97;1,00;1,00;1,00;1,97;3111,05;-0,09;1,00;1,89;0,86;0,005;0,005
01/08/2010;510,0;-;3467,4;3467,4;0,0;0,0305;1,0;1,0;1,00;1,97;1,00;1,00;1,00;1,97;3112,29;-0,05;1,00;1,89;0,89;0,005;0,005
01/09/2010;510,0;-;3467,4;3467,4;0,0;0,0313;1,0;1,0;1,01;1,97;1,00;1,00;1,01;1,97;3126,29;0,31;1,00;1,89;0,85;0,005;0,005
01/10/2010;510,0;-;3467,4;3467,4;0,0;0,0257;1,0;1,0;1,01;1,95;1,00;1,00;1,01;1,95;3149,74;0,62;1,01;1,89;0,81;0,005;0,005
01/11/2010;510,0;-;3467,4;3467,4;0,0;0,0164;1,0;1,0;1,01;1,93;1,00;1,00;1,01;1,93;3175,88;0,86;1,01;1,87;0,81;0,005;0,005
01/12/2010;510,0;-;3467,4;3467,4;0,0;6,0;1,0;1,0;1,01;1,91;1,00;1,00;1,01;1,91;3195,89;0,69;1,01;1,85;0,93;0,005;0,005
01/01/2011;540,0;-;3691,74;3691,74;0,0647;0,0608;1,0;1,0;1,01;1,89;1,00;1,00;1,01;1,89;3222,42;0,76;1,01;1,83;0,86;0,005;0,005
01/02/2011;540,0;-;3691,74;3691,74;0,0;0,0509;1,0;1,0;1,01;1,87;1,00;1,00;1,01;1,87;3248,2;0,97;1,01;1,82;0,84;0,005;0,005
01/03/2011;545,0;-;3691,74;3691,74;0,0;0,0453;1,0;1,0;1,01;1,85;1,00;1,00;1,01;1,85;3273,86;0,6;1,01;1,80;0,92;0,005;0,005
01/04/2011;545,0;-;3691,74;3691,74;0,0;0,0384;1,0;1,0;1,01;1,83;1,00;1,00;1,01;1,83;3299,07;0,77;1,01;1,78;0,84;0,005;0,005
01/05/2011;545,0;-;3691,74;3691,74;0,0;31,0;1,0;1,0;1,01;1,82;1,00;1,00;1,01;1,82;3314,58;0,7;1,01;1,76;0,99;0,005;0,005
01/06/2011;545,0;-;3691,74;3691,74;0,0;0,0252;1,0;1,0;1,00;1,80;1,00;1,00;1,00;1,80;3319,55;0,23;1,00;1,75;0,96;0,005;0,005
01/07/2011;545,0;-;3691,74;3691,74;0,0;0,0229;1,0;1,0;1,00;1,80;1,00;1,00;1,00;1,80;3324,86;0,1;1,00;1,75;0,97;0,005;0,005
01/08/2011;545,0;-;3691,74;3691,74;0,0;0,0229;1,0;1,0;1,00;1,80;1,00;1,00;1,00;1,80;3337,16;0,27;1,00;1,75;1,07;0,005;0,005
01/09/2011;545,0;-;3691,74;3691,74;0,0;0,0186;1,0;1,0;1,00;1,80;1,00;1,00;1,00;1,80;3354,85;0,53;1,01;1,75;0,94;0,005;0,005
01/10/2011;545,0;-;3691,74;3691,74;0,0;0,0141;1,0;1,0;1,00;1,80;1,00;1,00;1,00;1,80;3369,28;0,42;1,00;1,73;0,88;0,005;0,005
01/11/2011;545,0;-;3691,74;3691,74;0,0;0,0108;1,0;1,0;1,01;1,80;1,00;1,00;1,01;1,80;3386,8;0,46;1,00;1,73;0,86;0,005;0,005
01/12/2011;545,0;-;3691,74;3691,74;0,0;0,0051;1,0;1,0;1,01;1,78;1,00;1,00;1,01;1,78;3403,73;0,56;1,01;1,73;0,91;0,005;0,005
01/01/2012;622,0;-;3916,2;3916,2;0,0608;62,0;1,0;1,0;1,01;1,76;1,00;1,00;1,01;1,76;3422,79;0,65;1,01;1,71;0,89;0,005;0,005
01/02/2012;622,0;-;3916,2;3916,2;0,0;0,0566;1,0;1,0;1,00;1,75;1,00;1,00;1,00;1,75;3438,19;0,53;1,01;1,69;0,75;0,005;0,005
01/03/2012;622,0;-;3916,2;3916,2;0,0;0,0525;1,0;1,0;1,00;1,75;1,00;1,00;1,00;1,75;3445,41;0,25;1,00;1,68;0,82;0,005;0,005
01/04/2012;622,0;-;3916,2;3916,2;0,0;0,0506;1,0;1,0;1,01;1,75;1,00;1,00;1,01;1,75;3467,46;0,43;1,00;1,68;0,71;0,005;0,005
01/05/2012;622,0;-;3916,2;3916,2;0,0;0,0439;1,0;1,0;1,01;1,73;1,00;1,00;1,01;1,73;3479,94;0,51;1,01;1,68;0,74;0,005;0,005
01/06/2012;622,0;-;3916,2;3916,2;0,0;0,0382;1,0;1,0;1,00;1,71;1,00;1,00;1,00;1,71;3482,72;0,18;1,00;1,66;0,64;0,0;0,0
01/07/2012;622,0;-;3916,2;3916,2;0,0;0,0355;1,0;1,0;1,00;1,71;1,00;1,00;1,00;1,71;3497,7;0,33;1,00;1,66;0,68;0,0;0,0
01/08/2012;622,0;-;3916,2;3916,2;0,0;0,0311;1,0;1,0;1,00;1,71;1,00;1,00;1,00;1,71;3512,04;0,39;1,00;1,66;0,69;0,0;0,0
01/09/2012;622,0;-;3916,2;3916,2;0,0;0,0265;1,0;1,0;1,01;1,71;1,00;1,00;1,01;1,71;3532,06;0,48;1,00;1,66;0,54;0,0;0,0
01/10/2012;622,0;-;3916,2;3916,2;0,0;0,02;1,0;1,0;1,01;1,69;1,00;1,00;1,01;1,69;3552,9;0,65;1,01;1,66;0,61;0,0;0,0
01/11/2012;622,0;-;3916,2;3916,2;0,0;0,0128;1,0;1,0;1,01;1,68;1,00;1,00;1,01;1,68;3574,22;0,54;1,01;1,64;0,55;0,0;0,0
01/12/2012;622,0;-;3916,2;3916,2;0,0;0,0074;1,0;1,0;1,01;1,66;1,00;1,00;1,01;1,66;3602,46;0,69;1,01;1,63;0,55;0,0;0,0
01/01/2013;678,0;-;4159,0;4159,0;62,0;0,0556;1,0;1,0;1,01;1,64;1,00;1,00;1,01;1,64;3633,44;0,88;1,01;1,61;0,6;0,0;0,0
01/02/2013;678,0;-;4159,0;4159,0;0,0;46,0;1,0;1,0;1,01;1,63;1,00;1,00;1,01;1,63;3655,24;0,68;1,01;1,60;0,49;0,0;0,0
01/03/2013;678,0;-;4159,0;4159,0;0,0;0,0406;1,0;1,0;1,01;1,61;1,00;1,00;1,01;1,61;3672,42;0,49;1,00;1,58;0,55;0,0;0,0
01/04/2013;678,0;-;4159,0;4159,0;0,0;0,0344;1,0;1,0;1,01;1,60;1,00;1,00;1,01;1,60;3692,62;0,51;1,01;1,58;0,61;0,0;0,0
01/05/2013;678,0;-;4159,0;4159,0;0,0;0,0283;1,0;1,0;1,00;1,58;1,00;1,00;1,00;1,58;3706,28;0,46;1,00;1,56;0,6;0,0;0,0
01/06/2013;678,0;-;4159,0;4159,0;0,0;0,0247;1,0;1,0;1,00;1,58;1,00;1,00;1,00;1,58;3715,92;0,38;1,00;1,56;0,61;0,0;0,0
01/07/2013;678,0;-;4159,0;4159,0;0,0;0,0219;1,0;1,0;1,00;1,58;1,00;1,00;1,00;1,58;3717,03;0,07;1,00;1,56;0,72;0,0;0,0
01/08/2013;678,0;-;4159,0;4159,0;0,0;0,0232;1,0;1,0;1,00;1,58;1,00;1,00;1,00;1,58;3725,95;0,16;1,00;1,56;0,71;0,0;0,0
01/09/2013;678,0;-;4159,0;4159,0;0,0;0,0216;1,0;1,0;1,00;1,58;1,00;1,00;1,00;1,58;3738,99;0,27;1,00;1,56;0,71;0,005;0,005
01/10/2013;678,0;-;4159,0;4159,0;0,0;0,0188;1,0;1,0;1,01;1,58;1,00;1,00;1,01;1,58;3760,3;0,48;1,00;1,56;0,81;0,005;0,005
01/11/2013;678,0;-;4159,0;4159,0;0,0;0,0126;1,0;1,0;1,01;1,56;1,00;1,00;1,01;1,56;3780,61;0,57;1,01;1,56;0,72;0,005;0,005
01/12/2013;678,0;-;4159,0;4159,0;0,0;0,0072;1,0;1,0;1,01;1,55;1,00;1,00;1,01;1,55;3815,39;0,75;1,01;1,55;0,79;0,005;0,005
01/01/2014;724,0;-;4390,24;4390,24;0,0556;0,0623;1,0;1,0;1,01;1,53;1,00;1,00;1,01;1,53;3836,37;0,67;1,01;1,53;0,85;0,005;0,005
01/02/2014;724,0;-;4390,24;4390,24;0,0;0,0556;1,0;1,0;1,01;1,52;1,00;1,00;1,01;1,52;3862,84;0,7;1,01;1,52;0,79;0,005;0,005
01/03/2014;724,0;-;4390,24;4390,24;0,0;0,0489;1,0;1,0;1,01;1,50;1,00;1,00;1,01;1,50;3898,38;0,73;1,01;1,50;0,77;0,005;0,005
01/04/2014;724,0;-;4390,24;4390,24;0,0;0,0404;1,0;1,0;1,01;1,49;1,00;1,00;1,01;1,49;3924,5;0,78;1,01;1,49;0,82;0,005;0,005
01/05/2014;724,0;-;4390,24;4390,24;0,0;0,0323;1,0;1,0;1,01;1,47;1,00;1,00;1,01;1,47;3942,55;0,58;1,01;1,47;0,87;0,005;0,005
01/06/2014;724,0;-;4390,24;4390,24;0,0;0,0262;1,0;1,0;1,00;1,46;1,00;1,00;1,00;1,46;3958,32;0,47;1,00;1,46;0,82;0,005;0,005
01/07/2014;724,0;-;4390,24;4390,24;0,0;0,0235;1,0;1,0;1,00;1,46;1,00;1,00;1,00;1,46;3958,72;0,17;1,00;1,46;0,95;0,005;0,005
01/08/2014;724,0;-;4390,24;4390,24;0,0;0,0222;1,0;1,0;1,00;1,46;1,00;1,00;1,00;1,46;3968,62;0,14;1,00;1,46;0,87;0,005;0,005
01/09/2014;724,0;-;4390,24;4390,24;0,0;0,0204;1,0;1,0;1,00;1,46;1,00;1,00;1,00;1,46;3991,24;0,39;1,00;1,46;0,91;0,005;0,005
01/10/2014;724,0;-;4390,24;4390,24;0,0;0,0154;1,0;1,0;1,00;1,46;1,00;1,00;1,00;1,46;4008,0;0,48;1,00;1,46;0,95;0,005;0,005
01/11/2014;724,0;-;4390,24;4390,24;0,0;0,0115;1,0;1,0;1,01;1,46;1,00;1,00;1,01;1,46;4028,44;0,38;1,00;1,46;0,84;0,005;0,005
01/12/2014;724,0;-;4390,24;4390,24;0,0;0,0062;1,0;1,0;1,01;1,44;1,00;1,00;1,01;1,44;4059,86;0,79;1,01;1,46;0,96;0,005;0,005
01/01/2015;788,0;-;4663,75;4663,75;0,0623;0,1128;1,0;1,0;1,01;1,43;1,00;1,00;1,01;1,43;4110,2;0,89;1,01;1,44;0,94;0,005;0,005
01/02/2015;788,0;-;4663,75;4663,75;0,0;0,0965;1,0;1,0;1,01;1,42;1,00;1,00;1,01;1,42;4160,34;1,33;1,01;1,43;0,82;0,005;0,005
01/03/2015;788,0;-;4663,75;4663,75;0,0;84,0;1,0;1,0;1,02;1,40;1,00;1,00;1,02;1,40;4215,26;1,24;1,01;1,42;1,04;0,005;0,005
01/04/2015;788,0;-;4663,75;4663,75;0,0;0,0678;1,0;1,0;1,01;1,37;1,00;1,00;1,01;1,37;4245,19;1,07;1,01;1,40;0,95;0,005;0,005
01/05/2015;788,0;-;4663,75;4663,75;0,0;0,0603;1,0;1,0;1,01;1,36;1,00;1,00;1,01;1,36;4276,6;0,6;1,01;1,39;0,99;0,005;0,005
01/06/2015;788,0;-;4663,75;4663,75;0,0;0,0499;1,0;1,0;1,01;1,35;1,00;1,00;1,01;1,35;4310,39;0,99;1,01;1,37;1,07;0,005;0,005
01/07/2015;788,0;-;4663,75;4663,75;0,0;0,0419;1,0;1,0;1,01;1,33;1,00;1,00;1,01;1,33;4337,11;0,59;1,01;1,36;1,18;0,005;0,005
01/08/2015;788,0;-;4663,75;4663,75;0,0;0,0359;1,0;1,0;1,00;1,32;1,00;1,00;1,00;1,32;4346,65;0,43;1,00;1,35;1,11;0,005;0,005
01/09/2015;788,0;-;4663,75;4663,75;0,0;0,0333;1,0;1,0;1,01;1,32;1,00;1,00;1,01;1,32;4370,12;0,39;1,00;1,35;1,11;0,005;0,005
01/10/2015;788,0;-;4663,75;4663,75;0,0;0,0281;1,0;1,0;1,01;1,31;1,00;1,00;1,01;1,31;4405,95;0,66;1,01;1,35;1,11;0,005;0,005
01/11/2015;788,0;-;4663,75;4663,75;0,0;0,0202;1,0;1,0;1,01;1,30;1,00;1,00;1,01;1,30;4450,45;0,85;1,01;1,33;1,06;0,005;0,005
01/12/2015;788,0;-;4663,75;4663,75;0,0;9,0;1,0;1,0;1,01;1,28;1,00;1,00;1,01;1,28;4493,17;1,18;1,01;1,32;1,16;0,005;0,005
01/01/2016;880,0;-;5189,82;5189,82;0,1128;0,0658;1,0;1,0;1,02;1,27;1,00;1,00;1,02;1,27;4550,23;0,92;1,01;1,31;1,06;0,005;0,005
01/02/2016;880,0;-;5189,82;5189,82;0,0;0,0499;1,0;1,0;1,01;1,24;1,00;1,00;1,01;1,24;4591,18;1,42;1,01;1,30;1,0;0,005;0,005
01/03/2016;880,0;-;5189,82;5189,82;0,0;0,0401;1,0;1,0;1,00;1,23;1,00;1,00;1,00;1,23;4610,92;0,43;1,00;1,28;1,16;0,005;0,005
01/04/2016;880,0;-;5189,82;5189,82;0,0;0,0355;1,0;1,0;1,01;1,23;1,00;1,00;1,01;1,23;4639,05;0,51;1,01;1,28;1,06;0,005;0,005
01/05/2016;880,0;-;5189,82;5189,82;0,0;0,0289;1,0;1,0;1,01;1,22;1,00;1,00;1,01;1,22;4675,23;0,86;1,01;1,27;1,11;0,005;0,005
01/06/2016;880,0;-;5189,82;5189,82;0,0;0,0189;1,0;1,0;1,00;1,21;1,00;1,00;1,00;1,21;4691,59;0,4;1,00;1,26;1,16;0,005;0,005
01/07/2016;880,0;-;5189,82;5189,82;0,0;0,0142;1,0;1,0;1,01;1,21;1,00;1,00;1,01;1,21;4715,99;0,54;1,01;1,26;1,11;0,005;0,005
01/08/2016;880,0;-;5189,82;5189,82;0,0;0,0077;1,0;1,0;1,00;1,20;1,00;1,00;1,00;1,20;4736,74;0,45;1,00;1,24;1,22;0,005;0,005
01/09/2016;880,0;-;5189,82;5189,82;0,0;0,0046;1,0;1,0;1,00;1,20;1,00;1,00;1,00;1,20;4740,53;0,23;1,00;1,24;1,11;0,005;0,005
01/10/2016;880,0;-;5189,82;5189,82;0,0;0,0038;1,0;1,0;1,00;1,20;1,00;1,00;1,00;1,20;4752,86;0,19;1,00;1,24;1,05;0,005;0,005
01/11/2016;880,0;-;5189,82;5189,82;0,0;0,0021;1,0;1,0;1,00;1,20;1,00;1,00;1,00;1,20;4761,42;0,26;1,00;1,24;1,04;0,005;0,005
01/12/2016;880,0;-;5189,82;5189,82;0,0;0,0014;1,0;1,0;1,00;1,20;1,00;1,00;1,00;1,20;4775,7;0,19;1,00;1,24;1,12;0,005;0,005
01/01/2017;937,0;-;5531,31;5531,31;0,0658;0,0207;1,0;1,0;1,00;1,20;1,00;1,00;1,00;1,20;4793,85;0,31;1,00;1,24;1,09;0,005;0,005
01/02/2017;937,0;-;5531,31;5531,31;0,0;0,0164;1,0;1,0;1,00;1,20;1,00;1,00;1,00;1,20;4809,67;0,54;1,01;1,24;0,87;0,005;0,005
01/03/2017;937,0;-;5531,31;5531,31;0,0;14,0;1,0;1,0;1,00;1,20;1,00;1,00;1,00;1,20;4821,69;0,15;1,00;1,23;1,05;0,005;0,005
01/04/2017;937,0;-;5531,31;5531,31;0,0;0,0107;1,0;1,0;1,00;1,20;1,00;1,00;1,00;1,20;4828,44;0,21;1,00;1,23;0,79;0,005;0,005
01/05/2017;937,0;-;5531,31;5531,31;0,0;0,0099;1,0;1,0;1,00;1,20;1,00;1,00;1,00;1,20;4843,41;0,24;1,00;1,23;0,93;0,005;0,005
01/06/2017;937,0;-;5531,31;5531,31;0,0;0,0063;1,0;1,0;1,00;1,20;1,00;1,00;1,00;1,20;4832,27;0,16;1,00;1,23;0,81;0,005;0,005
01/07/2017;937,0;-;5531,31;5531,31;0,0;0,0093;1,0;1,0;1,00;1,20;1,00;1,00;1,00;1,20;4843,87;-0,18;1,00;1,23;0,8;0,005;0,005
01/08/2017;937,0;-;5531,31;5531,31;0,0;0,0076;1,0;1,0;1,00;1,20;1,00;1,00;1,00;1,20;4853,07;0,35;1,00;1,23;0,8;0,005;0,005
01/09/2017;937,0;-;5531,31;5531,31;0,0;0,0079;1,0;1,0;1,00;1,20;1,00;1,00;1,00;1,20;4860,83;0,11;1,00;1,23;0,64;0,005;0,005
01/10/2017;937,0;-;5531,31;5531,31;0,0;0,0081;1,0;1,0;1,00;1,20;1,00;1,00;1,00;1,20;4881,25;0,34;1,00;1,23;0,64;0,0;0,0
01/11/2017;937,0;-;5531,31;5531,31;0,0;0,0044;1,0;1,0;1,00;1,20;1,00;1,00;1,00;1,20;4894,92;0,32;1,00;1,23;0,57;0,0;0,0
01/12/2017;937,0;-;5531,31;5531,31;0,0;0,0026;1,0;1,0;1,00;1,20;1,00;1,00;1,00;1,20;4916,46;0,35;1,00;1,23;0,54;0,0;0,0
01/01/2018;954,0;-;5645,8;5645,8;0,0207;0,0343;1,0;1,0;1,00;1,20;1,00;1,00;1,00;1,20;4930,72;0,39;1,00;1,23;0,58;0,0;0,0
01/02/2018;954,0;-;5645,8;5645,8;0,0;32,0;1,0;1,0;1,00;1,20;1,00;1,00;1,00;1,20;4946,5;0,38;1,00;1,23;0,47;0,0;0,0
01/03/2018;954,0;-;5645,8;5645,8;0,0;0,0301;1,0;1,0;1,00;1,20;1,00;1,00;1,00;1,20;4950,95;0,1;1,00;1,23;0,53;0,0;0,0
01/04/2018;954,0;-;5645,8;5645,8;0,0;0,0294;1,0;1,0;1,00;1,20;1,00;1,00;1,00;1,20;4961,84;0,21;1,00;1,23;0,52;0,0;0,0
01/05/2018;954,0;-;5645,8;5645,8;0,0;0,0272;1,0;1,0;1,00;1,20;1,00;1,00;1,00;1,20;4981,69;0,14;1,00;1,23;0,52;0,0;0,0
01/06/2018;954,0;-;5645,8;5645,8;0,0;0,0228;1,0;1,0;1,01;1,20;1,00;1,00;1,01;1,20;5044,46;1,11;1,01;1,23;0,52;0,0;0,0
01/07/2018;954,0;-;5645,8;5645,8;0,0;0,0084;1,0;1,0;1,00;1,18;1,00;1,00;1,00;1,18;5061,11;0,64;1,01;1,22;0,54;0,0;0,0
01/08/2018;954,0;-;5645,8;5645,8;0,0;0,0059;1,0;1,0;1,00;1,18;1,00;1,00;1,00;1,18;5056,56;0,13;1,00;1,21;0,57;0,0;0,0
01/09/2018;954,0;-;5645,8;5645,8;0,0;0,0059;1,0;1,0;1,00;1,18;1,00;1,00;1,00;1,18;5080,83;0,09;1,00;1,21;0,47;0,0;0,0
01/10/2018;954,0;-;5645,8;5645,8;0,0;0,0029;1,0;1,0;1,00;1,18;1,00;1,00;1,00;1,18;5103,69;0,58;1,01;1,21;0,54;0,0;0,0
01/11/2018;954,0;-;5645,8;5645,8;0,0;0,0;1,0;1,0;1,00;1,18;1,00;1,00;1,00;1,18;5092,97;0,19;1,00;1,20;0,49;0,0;0,0
01/12/2018;954,0;-;5645,8;5645,8;0,0;0,0014;1,0;1,0;1,00;1,18;1,00;1,00;1,00;1,18;5100,61;-0,16;1,00;1,20;0,49;0,0;0,0
01/01/2019;998,0;-;5839,45;5839,45;0,0343;0,0448;1,0;1,0;1,00;1,18;1,00;1,00;1,00;1,18;5116,93;0,3;1,00;1,20;0,54;0,0;0,0
01/02/2019;998,0;-;5839,45;5839,45;0,0;0,0411;1,0;1,0;1,01;1,18;1,00;1,00;1,01;1,18;5138,93;0,34;1,00;1,20;0,49;0,0;0,0
01/03/2019;998,0;-;5839,45;5839,45;0,0;0,0355;1,0;1,0;1,01;1,17;1,00;1,00;1,01;1,17;5177,47;0,54;1,01;1,20;0,47;0,0;0,0
01/04/2019;998,0;-;5839,45;5839,45;0,0;0,0276;1,0;1,0;1,01;1,16;1,00;1,00;1,01;1,16;5206,98;0,72;1,01;1,18;0,52;0,0;0,0
01/05/2019;998,0;-;5839,45;5839,45;0,0;0,0214;1,0;1,0;1,00;1,15;1,00;1,00;1,00;1,15;5213,75;0,35;1,00;1,17;0,54;0,0;0,0
01/06/2019;998,0;-;5839,45;5839,45;0,0;0,0199;1,0;1,0;1,00;1,15;1,00;1,00;1,00;1,15;5214,27;0,06;1,00;1,17;0,47;0,0;0,0
01/07/2019;998,0;-;5839,45;5839,45;0,0;0,0198;1,0;1,0;1,00;1,15;1,00;1,00;1,00;1,15;5224,18;0,09;1,00;1,17;0,57;0,0;0,0
01/08/2019;998,0;-;5839,45;5839,45;0,0;0,0188;1,0;1,0;1,00;1,15;1,00;1,00;1,00;1,15;5229,93;0,08;1,00;1,17;0,5;0,0;0,0
01/09/2019;998,0;-;5839,45;5839,45;0,0;0,0176;1,0;1,0;1,00;1,15;1,00;1,00;1,00;1,15;5227,84;0,09;1,00;1,17;0,46;0,0;0,0
01/10/2019;998,0;-;5839,45;5839,45;0,0;0,0181;1,0;1,0;1,00;1,15;1,00;1,00;1,00;1,15;5233,07;0,09;1,00;1,17;0,48;0,0;0,0
01/11/2019;998,0;-;5839,45;5839,45;0,0;0,0177;1,0;1,0;1,01;1,15;1,00;1,00;1,01;1,15;5259,76;0,14;1,00;1,17;0,38;0,0;0,0
01/12/2019;998,0;-;5839,45;5839,45;0,0;0,0122;1,0;1,0;1,01;1,14;1,00;1,00;1,01;1,14;5320,25;1,05;1,01;1,17;0,37;0,0;0,0
01/01/2020;1039,0;-;6101,06;6101,06;0,0448;0,0545;1,0;1,0;1,00;1,13;1,00;1,00;1,00;1,13;5331,42;0,71;1,01;1,16;0,38;0,0;0,0
01/02/2020;1045,0;-;6101,06;6101,06;0,0;0,0525;1,0;1,0;1,00;1,13;1,00;1,00;1,00;1,13;5344,75;0,22;1,00;1,15;0,29;0,0;0,0
01/03/2020;1045,0;-;6101,06;6101,06;0,0;0,0507;1,0;1,0;1,00;1,13;1,00;1,00;1,00;1,13;5348,49;0,02;1,00;1,15;0,34;0,0;0,0
01/04/2020;1045,0;-;6101,06;6101,06;0,0;0,0488;1,0;1,0;1,00;1,13;1,00;1,00;1,00;1,13;5331,91;-0,01;1,00;1,15;0,28;0,0;0,0
01/05/2020;1045,0;-;6101,06;6101,06;0,0;0,0512;1,0;1,0;1,00;1,13;1,00;1,00;1,00;1,13;5311,65;-0,59;0,99;1,15;0,24;0,0;0,0
01/06/2020;1045,0;-;6101,06;6101,06;0,0;0,0539;1,0;1,0;1,00;1,13;1,00;1,00;1,00;1,13;5325,46;0,02;1,00;1,16;0,21;0,0;0,0
01/07/2020;1045,0;-;6101,06;6101,06;0,0;0,0507;1,0;1,0;1,00;1,13;1,00;1,00;1,00;1,13;5344,63;0,3;1,00;1,16;0,19;0,0;0,0
01/08/2020;1045,0;-;6101,06;6101,06;0,0;0,0461;1,0;1,0;1,00;1,13;1,00;1,00;1,00;1,13;5357,46;0,23;1,00;1,16;0,16;0,0;0,0
01/09/2020;1045,0;-;6101,06;6101,06;0,0;0,0423;1,0;1,0;1,01;1,13;1,00;1,00;1,01;1,13;5391,75;0,45;1,00;1,16;0,16;0,0;0,0
01/10/2020;1045,0;-;6101,06;6101,06;0,0;0,0334;1,0;1,0;1,01;1,12;1,00;1,00;1,01;1,12;5438,12;0,94;1,01;1,16;0,16;0,0;0,0
01/11/2020;1045,0;-;6101,06;6101,06;0,0;0,0242;1,0;1,0;1,01;1,10;1,00;1,00;1,01;1,10;5486,52;0,81;1,01;1,15;0,15;0,0;0,0
01/12/2020;1045,0;-;6101,06;6101,06;0,0;0,0146;1,0;1,0;1,01;1,09;1,00;1,00;1,01;1,09;5560,59;1,06;1,01;1,14;0,16;0,0;0,0
01/01/2021;1100,0;-;6433,57;6433,57;0,0545;0,0;1,0;1,0;1,00;1,08;1,00;1,00;1,00;1,08;5574,49;0,78;1,01;1,13;0,15;0,0;0,0
01/02/2021;1100,0;-;6433,57;6433,57;-;-;1,0;1,0;1,01;1,08;1,00;1,00;1,01;1,08;5622,43;0,48;1,00;1,12;0,13;0,0;0,0
01/03/2021;1100,0;-;6433,57;6433,57;-;-;1,0;1,0;1,01;1,07;1,00;1,00;1,01;1,07;5674,72;0,93;1,01;1,12;0,2;0,0;0,0
01/04/2021;1100,0;-;6433,57;6433,57;-;-;1,0;1,0;1,00;1,06;1,00;1,00;1,00;1,06;5692,31;0,6;1,01;1,10;0,21;0,0;0,0
01/05/2021;1100,0;-;6433,57;6433,57;-;-;1,0;1,0;1,01;1,06;1,00;1,00;1,01;1,06;5739,56;0,44;1,00;1,09;0,27;0,0;0,0
01/06/2021;1100,0;-;6433,57;6433,57;-;-;1,0;1,0;1,01;1,05;1,00;1,00;1,01;1,05;5769,98;0,83;1,01;1,09;0,31;0,0;0,0
01/07/2021;1100,0;-;6433,57;6433,57;-;-;1,0;1,0;1,01;1,04;1,00;1,00;1,01;1,04;5825,37;0,72;1,01;1,08;0,36;0,0;0,0
01/08/2021;1100,0;-;6433,57;6433,57;-;-;1,0;1,0;1,01;1,03;1,00;1,00;1,01;1,03;5876,05;0,89;1,01;1,07;0,43;0,0;0,0
01/09/2021;1100,0;-;6433,57;6433,57;-;-;1,0;1,0;1,01;1,02;1,00;1,00;1,01;1,02;5944,21;1,14;1,01;1,06;0,44;0,0;0,0
01/10/2021;1100,0;-;6433,57;6433,57;-;-;1,0;1,0;1,01;1,01;1,00;1,00;1,01;1,01;6018,51;1,2;1,01;1,05;0,49;0,0;0,0
01/11/2021;1100,0;-;6433,57;6433,57;-;-;1,0;1,0;-;-;1,00;1,00;-;-;6075,69;1,17;1,01;1,04;0,59;-;-
01/12/2021;1100,0;-;6433,57;6433,57;-;-;1,0;1,0;-;-;1,00;1,00;-;-;6120,04;0,78;1,01;1,03;0,77;-;-
01/01/2022;1212,0;-;-;-;-;-;1,0;1,0;-;-;1,00;1,00;-;-;6153,09;0,58;1,01;1,02;0,73;-;-
01/02/2022;1212,0;-;-;-;-;-;1,0;1,0;-;-;1,00;1,00;-;-;6215,24;0,99;1,01;1,01;0,76;-;-
01/03/2022;1212,0;-;-;-;-;-;-;-;-;-;1,00;1,00;-;-;6315,93;0,95;-;-;0,93;-;-
01/04/2022;-;-;-;-;-;-;-;-;-;-;1,00;1,00;-;-;-;-;-;-;-;-;-
