COMPETENCIA;VALOR;VALOR_GOOGLE
01/10/1964;0,01;1,00000000000000;
01/11/1964;0,01;1,00000000000000;
01/12/1964;0,01;1,00000000000000;
01/01/1965;0,01;1,00000000000000;
01/02/1965;0,01;1,00000000000000;
01/03/1965;0,01;1,00000000000000;
01/04/1965;0,01;1,00000000000000;
01/05/1965;0,01;1,00000000000000;
01/06/1965;0,01;1,00000000000000;
01/07/1965;0,01;1,00000000000000;
01/08/1965;0,01;1,00000000000000;
01/09/1965;0,01;1,00000000000000;
01/10/1965;0,01;1,00000000000000;
01/11/1965;0,01;1,00000000000000;
01/12/1965;0,01;1,00000000000000;
01/01/1966;0,01;1,00000000000000;
01/02/1966;0,01;1,00000000000000;
01/03/1966;0,01;1,00000000000000;
01/04/1966;0,01;1,00000000000000;
01/05/1966;0,01;1,00000000000000;
01/06/1966;0,01;1,00000000000000;
01/07/1966;0,01;1,00000000000000;
01/08/1966;0,01;1,00000000000000;
01/09/1966;0,01;1,00000000000000;
01/10/1966;0,01;1,00000000000000;
01/11/1966;0,01;1,00000000000000;
01/12/1966;0,01;1,00000000000000;
01/01/1967;0,01;1,00000000000000;
01/02/1967;0,01;1,00000000000000;
01/03/1967;0,01;1,00000000000000;
01/04/1967;0,01;1,00000000000000;
01/05/1967;0,01;1,00000000000000;
01/06/1967;0,01;1,00000000000000;
01/07/1967;0,01;1,00000000000000;
01/08/1967;0,01;1,00000000000000;
01/09/1967;0,01;1,00000000000000;
01/10/1967;0,01;1,00000000000000;
01/11/1967;0,01;1,00000000000000;
01/12/1967;0,01;1,00000000000000;
01/01/1968;0,01;1,00000000000000;
01/02/1968;0,01;1,00000000000000;
01/03/1968;0,01;1,00000000000000;
01/04/1968;0,01;1,00000000000000;
01/05/1968;0,01;1,00000000000000;
01/06/1968;0,01;1,00000000000000;
01/07/1968;0,01;1,00000000000000;
01/08/1968;0,01;1,00000000000000;
01/09/1968;0,01;1,00000000000000;
01/10/1968;0,01;1,00000000000000;
01/11/1968;0,01;1,00000000000000;
01/12/1968;0,01;1,00000000000000;
01/01/1969;0,01;1,00000000000000;
01/02/1969;0,01;1,00000000000000;
01/03/1969;0,01;1,00000000000000;
01/04/1969;0,01;1,00000000000000;
01/05/1969;0,01;1,00000000000000;
01/06/1969;0,01;1,00000000000000;
01/07/1969;0,01;1,00000000000000;
01/08/1969;0,01;1,00000000000000;
01/09/1969;0,01;1,00000000000000;
01/10/1969;0,01;1,00000000000000;
01/11/1969;0,01;1,00000000000000;
01/12/1969;0,01;1,00000000000000;
01/01/1970;0,01;1,00000000000000;
01/02/1970;0,01;1,00000000000000;
01/03/1970;0,01;1,00000000000000;
01/04/1970;0,01;1,00000000000000;
01/05/1970;0,01;1,00000000000000;
01/06/1970;0,01;1,00000000000000;
01/07/1970;0,01;1,00000000000000;
01/08/1970;0,01;1,00000000000000;
01/09/1970;0,01;1,00000000000000;
01/10/1970;0,01;1,00000000000000;
01/11/1970;0,01;1,00000000000000;
01/12/1970;0,01;1,00000000000000;
01/01/1971;0,01;1,00000000000000;
01/02/1971;0,01;1,00000000000000;
01/03/1971;0,01;1,00000000000000;
01/04/1971;0,01;1,00000000000000;
01/05/1971;0,01;1,00000000000000;
01/06/1971;0,01;1,00000000000000;
01/07/1971;0,01;1,00000000000000;
01/08/1971;0,01;1,00000000000000;
01/09/1971;0,01;1,00000000000000;
01/10/1971;0,01;1,00000000000000;
01/11/1971;0,01;1,00000000000000;
01/12/1971;0,01;1,00000000000000;
01/01/1972;0,01;1,00000000000000;
01/02/1972;0,01;1,00000000000000;
01/03/1972;0,01;1,00000000000000;
01/04/1972;0,01;1,00000000000000;
01/05/1972;0,01;1,00000000000000;
01/06/1972;0,01;1,00000000000000;
01/07/1972;0,01;1,00000000000000;
01/08/1972;0,01;1,00000000000000;
01/09/1972;0,01;1,00000000000000;
01/10/1972;0,01;1,00000000000000;
01/11/1972;0,01;1,00000000000000;
01/12/1972;0,01;1,00000000000000;
01/01/1973;0,01;1,00000000000000;
01/02/1973;0,01;1,00000000000000;
01/03/1973;0,01;1,00000000000000;
01/04/1973;0,01;1,00000000000000;
01/05/1973;0,01;1,00000000000000;
01/06/1973;0,01;1,00000000000000;
01/07/1973;0,01;1,00000000000000;
01/08/1973;0,01;1,00000000000000;
01/09/1973;0,01;1,00000000000000;
01/10/1973;0,01;1,00000000000000;
01/11/1973;0,01;1,00000000000000;
01/12/1973;0,01;1,00000000000000;
01/01/1974;0,01;1,00000000000000;
01/02/1974;0,01;1,00000000000000;
01/03/1974;0,01;1,00000000000000;
01/04/1974;0,01;1,00000000000000;
01/05/1974;0,01;1,00000000000000;
01/06/1974;0,01;1,00000000000000;
01/07/1974;0,01;1,00000000000000;
01/08/1974;0,01;1,00000000000000;
01/09/1974;0,01;1,00000000000000;
01/10/1974;0,01;1,00000000000000;
01/11/1974;0,01;1,00000000000000;
01/12/1974;0,01;1,00000000000000;
01/01/1975;0,01;1,00000000000000;
01/02/1975;0,01;1,00000000000000;
01/03/1975;0,01;1,00000000000000;
01/04/1975;0,01;1,00000000000000;
01/05/1975;0,01;1,00000000000000;
01/06/1975;0,01;1,00000000000000;
01/07/1975;0,01;1,00000000000000;
01/08/1975;0,01;1,00000000000000;
01/09/1975;0,01;1,00000000000000;
01/10/1975;0,01;1,00000000000000;
01/11/1975;0,01;1,00000000000000;
01/12/1975;0,01;1,00000000000000;
01/01/1976;0,01;1,00000000000000;
01/02/1976;0,01;1,00000000000000;
01/03/1976;0,01;1,00000000000000;
01/04/1976;0,01;1,00000000000000;
01/05/1976;0,01;1,00000000000000;
01/06/1976;0,01;1,00000000000000;
01/07/1976;0,01;1,00000000000000;
01/08/1976;0,01;1,00000000000000;
01/09/1976;0,01;1,00000000000000;
01/10/1976;0,01;1,00000000000000;
01/11/1976;0,01;1,00000000000000;
01/12/1976;0,01;1,00000000000000;
01/01/1977;0,01;1,00000000000000;
01/02/1977;0,01;1,00000000000000;
01/03/1977;0,01;1,00000000000000;
01/04/1977;0,01;1,00000000000000;
01/05/1977;0,01;1,00000000000000;
01/06/1977;0,01;1,00000000000000;
01/07/1977;0,01;1,00000000000000;
01/08/1977;0,01;1,00000000000000;
01/09/1977;0,01;1,00000000000000;
01/10/1977;0,01;1,00000000000000;
01/11/1977;0,01;1,00000000000000;
01/12/1977;0,01;1,00000000000000;
01/01/1978;0,01;1,00000000000000;
01/02/1978;0,01;1,00000000000000;
01/03/1978;0,01;1,00000000000000;
01/04/1978;0,01;1,00000000000000;
01/05/1978;0,01;1,00000000000000;
01/06/1978;0,01;1,00000000000000;
01/07/1978;0,01;1,00000000000000;
01/08/1978;0,01;1,00000000000000;
01/09/1978;0,01;1,00000000000000;
01/10/1978;0,01;1,00000000000000;
01/11/1978;0,01;1,00000000000000;
01/12/1978;0,01;1,00000000000000;
01/01/1979;0,01;1,00000000000000;
01/02/1979;0,01;1,00000000000000;
01/03/1979;0,01;1,00000000000000;
01/04/1979;0,01;1,00000000000000;
01/05/1979;0,01;1,00000000000000;
01/06/1979;0,01;1,00000000000000;
01/07/1979;0,01;1,00000000000000;
01/08/1979;0,01;1,00000000000000;
01/09/1979;0,01;1,00000000000000;
01/10/1979;0,01;1,00000000000000;
01/11/1979;0,01;1,00000000000000;
01/12/1979;0,01;1,00000000000000;
01/01/1980;0,01;1,00000000000000;
01/02/1980;0,01;1,00000000000000;
01/03/1980;0,01;1,00000000000000;
01/04/1980;0,01;1,00000000000000;
01/05/1980;0,01;1,00000000000000;
01/06/1980;0,01;1,00000000000000;
01/07/1980;0,01;1,00000000000000;
01/08/1980;0,01;1,00000000000000;
01/09/1980;0,01;1,00000000000000;
01/10/1980;0,01;1,00000000000000;
01/11/1980;0,01;1,00000000000000;
01/12/1980;0,01;1,00000000000000;
01/01/1981;0,01;1,00000000000000;
01/02/1981;0,01;1,00000000000000;
01/03/1981;0,01;1,00000000000000;
01/04/1981;0,01;1,00000000000000;
01/05/1981;0,01;1,00000000000000;
01/06/1981;0,01;1,00000000000000;
01/07/1981;0,01;1,00000000000000;
01/08/1981;0,01;1,00000000000000;
01/09/1981;0,01;1,00000000000000;
01/10/1981;0,01;1,00000000000000;
01/11/1981;0,01;1,00000000000000;
01/12/1981;0,01;1,00000000000000;
01/01/1982;0,01;1,00000000000000;
01/02/1982;0,01;1,00000000000000;
01/03/1982;0,01;1,00000000000000;
01/04/1982;0,01;1,00000000000000;
01/05/1982;0,01;1,00000000000000;
01/06/1982;0,01;1,00000000000000;
01/07/1982;0,01;1,00000000000000;
01/08/1982;0,01;1,00000000000000;
01/09/1982;0,01;1,00000000000000;
01/10/1982;0,01;1,00000000000000;
01/11/1982;0,01;1,00000000000000;
01/12/1982;0,01;1,00000000000000;
01/01/1983;0,01;1,00000000000000;
01/02/1983;0,01;1,00000000000000;
01/03/1983;0,01;1,00000000000000;
01/04/1983;0,01;1,00000000000000;
01/05/1983;0,01;1,00000000000000;
01/06/1983;0,01;1,00000000000000;
01/07/1983;0,01;1,00000000000000;
01/08/1983;0,01;1,00000000000000;
01/09/1983;0,01;1,00000000000000;
01/10/1983;0,01;1,00000000000000;
01/11/1983;0,01;1,00000000000000;
01/12/1983;0,01;1,00000000000000;
01/01/1984;0,01;1,00000000000000;
01/02/1984;0,01;1,00000000000000;
01/03/1984;0,01;1,00000000000000;
01/04/1984;0,01;1,00000000000000;
01/05/1984;0,01;1,00000000000000;
01/06/1984;0,01;1,00000000000000;
01/07/1984;0,01;1,00000000000000;
01/08/1984;0,01;1,00000000000000;
01/09/1984;0,01;1,00000000000000;
01/10/1984;0,01;1,00000000000000;
01/11/1984;0,01;1,00000000000000;
01/12/1984;0,01;1,00000000000000;
01/01/1985;0,01;1,00000000000000;
01/02/1985;0,01;1,00000000000000;
01/03/1985;0,01;1,00000000000000;
01/04/1985;0,01;1,00000000000000;
01/05/1985;0,01;1,00000000000000;
01/06/1985;0,01;1,00000000000000;
01/07/1985;0,01;1,00000000000000;
01/08/1985;0,01;1,00000000000000;
01/09/1985;0,01;1,00000000000000;
01/10/1985;0,01;1,00000000000000;
01/11/1985;0,01;1,00000000000000;
01/12/1985;0,01;1,00000000000000;
01/01/1986;0,01;1,00000000000000;
01/02/1986;0,01;1,00000000000000;
01/03/1986;0,01;1,00000000000000;
01/04/1986;0,01;1,00000000000000;
01/05/1986;0,01;1,00000000000000;
01/06/1986;0,01;1,00000000000000;
01/07/1986;0,01;1,00000000000000;
01/08/1986;0,01;1,00000000000000;
01/09/1986;0,01;1,00000000000000;
01/10/1986;0,01;1,00000000000000;
01/11/1986;0,01;1,00000000000000;
01/12/1986;0,01;1,00000000000000;
01/01/1987;0,01;1,00000000000000;
01/02/1987;0,01;1,00000000000000;
01/03/1987;0,01;1,00000000000000;
01/04/1987;0,01;1,00000000000000;
01/05/1987;0,01;1,00000000000000;
01/06/1987;0,01;1,00000000000000;
01/07/1987;0,01;1,00000000000000;
01/08/1987;0,01;1,00000000000000;
01/09/1987;0,01;1,00000000000000;
01/10/1987;0,01;1,00000000000000;
01/11/1987;0,01;1,00000000000000;
01/12/1987;0,01;1,00000000000000;
01/01/1988;0,01;1,00000000000000;
01/02/1988;0,01;1,00000000000000;
01/03/1988;0,01;1,00000000000000;
01/04/1988;0,01;1,00000000000000;
01/05/1988;0,01;1,00000000000000;
01/06/1988;0,01;1,00000000000000;
01/07/1988;0,01;1,00000000000000;
01/08/1988;0,01;1,00000000000000;
01/09/1988;0,01;1,00000000000000;
01/10/1988;0,01;1,00000000000000;
01/11/1988;0,01;1,00000000000000;
01/12/1988;0,01;1,00000000000000;
01/01/1989;0,01;1,00000000000000;
01/02/1989;0,01;1,00000000000000;
01/03/1989;0,01;1,00000000000000;
01/04/1989;0,01;1,00000000000000;
01/05/1989;0,01;1,00000000000000;
01/06/1989;0,01;1,00000000000000;
01/07/1989;0,01;1,00000000000000;
01/08/1989;0,01;1,00000000000000;
01/09/1989;0,01;1,00000000000000;
01/10/1989;0,01;1,00000000000000;
01/11/1989;0,01;1,00000000000000;
01/12/1989;0,01;1,00000000000000;
01/01/1990;0,01;1,00000000000000;
01/02/1990;0,01;1,00000000000000;
01/03/1990;0,01;1,00000000000000;
01/04/1990;0,01;1,00000000000000;
01/05/1990;0,01;1,00000000000000;
01/06/1990;0,01;1,00000000000000;
01/07/1990;0,01;1,00000000000000;
01/08/1990;0,01;1,00000000000000;
01/09/1990;0,01;1,00000000000000;
01/10/1990;0,01;1,00000000000000;
01/11/1990;0,01;1,00000000000000;
01/12/1990;0,01;1,00000000000000;
01/01/1991;0,01;1,00000000000000;
01/02/1991;0,01;1,00000000000000;
01/03/1991;0,01;1,00000000000000;
01/04/1991;0,01;1,00000000000000;
01/05/1991;0,01;1,00000000000000;
01/06/1991;0,01;1,00000000000000;
01/07/1991;0,01;1,00000000000000;
01/08/1991;0,01;1,00000000000000;
01/09/1991;0,01;1,00000000000000;
01/10/1991;0,01;1,00000000000000;
01/11/1991;0,01;1,00000000000000;
01/12/1991;0,01;1,00000000000000;
01/01/1992;0,01;1,00000000000000;
01/02/1992;0,01;1,00000000000000;
01/03/1992;0,01;1,00000000000000;
01/04/1992;0,01;1,00000000000000;
01/05/1992;0,01;1,00000000000000;
01/06/1992;0,01;1,00000000000000;
01/07/1992;0,01;1,00000000000000;
01/08/1992;0,01;1,00000000000000;
01/09/1992;0,01;1,00000000000000;
01/10/1992;0,01;1,00000000000000;
01/11/1992;0,01;1,00000000000000;
01/12/1992;0,01;1,00000000000000;
01/01/1993;0,01;1,00000000000000;
01/02/1993;0,01;1,00000000000000;
01/03/1993;0,01;1,00000000000000;
01/04/1993;0,01;1,00000000000000;
01/05/1993;0,01;1,00000000000000;
01/06/1993;0,01;1,00000000000000;
01/07/1993;0,01;1,00000000000000;
01/08/1993;0,01;1,00000000000000;
01/09/1993;0,01;1,00000000000000;
01/10/1993;0,01;1,00000000000000;
01/11/1993;0,01;1,00000000000000;
01/12/1993;0,01;1,00000000000000;
01/01/1994;0,01;1,00000000000000;
01/02/1994;0,01;1,00000000000000;
01/03/1994;0,01;1,00000000000000;
01/04/1994;0,01;1,00000000000000;
01/05/1994;0,01;1,00000000000000;
01/06/1994;0,01;1,00000000000000;
01/07/1994;0,01;1,00000000000000;
01/08/1994;0,01;1,00000000000000;
01/09/1994;0,01;1,00000000000000;
01/10/1994;0,01;1,00000000000000;
01/11/1994;0,01;1,00000000000000;
01/12/1994;0,01;1,00000000000000;
01/01/1995;0,01;1,00000000000000;
01/02/1995;0,01;1,00000000000000;
01/03/1995;0,01;1,00000000000000;
01/04/1995;0,01;1,00000000000000;
01/05/1995;0,01;1,00000000000000;
01/06/1995;0,01;1,00000000000000;
01/07/1995;0,01;1,00000000000000;
01/08/1995;0,01;1,00000000000000;
01/09/1995;0,01;1,00000000000000;
01/10/1995;0,01;1,00000000000000;
01/11/1995;0,01;1,00000000000000;
01/12/1995;0,01;1,00000000000000;
01/01/1996;0,01;1,00000000000000;
01/02/1996;0,01;1,00000000000000;
01/03/1996;0,01;1,00000000000000;
01/04/1996;0,01;1,00000000000000;
01/05/1996;0,01;1,00000000000000;
01/06/1996;0,01;1,00000000000000;
01/07/1996;0,01;1,00000000000000;
01/08/1996;0,01;1,00000000000000;
01/09/1996;0,01;1,00000000000000;
01/10/1996;0,01;1,00000000000000;
01/11/1996;0,01;1,00000000000000;
01/12/1996;0,01;1,00000000000000;
01/01/1997;0,01;1,00000000000000;
01/02/1997;0,01;1,00000000000000;
01/03/1997;0,01;1,00000000000000;
01/04/1997;0,01;1,00000000000000;
01/05/1997;0,01;1,00000000000000;
01/06/1997;0,01;1,00000000000000;
01/07/1997;0,01;1,00000000000000;
01/08/1997;0,01;1,00000000000000;
01/09/1997;0,01;1,00000000000000;
01/10/1997;0,01;1,00000000000000;
01/11/1997;0,01;1,00000000000000;
01/12/1997;0,01;1,00000000000000;
01/01/1998;0,01;1,00000000000000;
01/02/1998;0,01;1,00000000000000;
01/03/1998;0,01;1,00000000000000;
01/04/1998;0,01;1,00000000000000;
01/05/1998;0,01;1,00000000000000;
01/06/1998;0,01;1,00000000000000;
01/07/1998;0,01;1,00000000000000;
01/08/1998;0,01;1,00000000000000;
01/09/1998;0,01;1,00000000000000;
01/10/1998;0,01;1,00000000000000;
01/11/1998;0,01;1,00000000000000;
01/12/1998;0,01;1,00000000000000;
01/01/1999;0,01;1,00000000000000;
01/02/1999;0,01;1,00000000000000;
01/03/1999;0,01;1,00000000000000;
01/04/1999;0,01;1,00000000000000;
01/05/1999;0,01;1,00000000000000;
01/06/1999;0,01;1,00000000000000;
01/07/1999;0,01;1,00000000000000;
01/08/1999;0,01;1,00000000000000;
01/09/1999;0,01;1,00000000000000;
01/10/1999;0,01;1,00000000000000;
01/11/1999;0,01;1,00000000000000;
01/12/1999;0,01;1,00000000000000;
01/01/2000;0,01;1,00000000000000;
01/02/2000;0,01;1,00000000000000;
01/03/2000;0,01;1,00000000000000;
01/04/2000;0,01;1,00000000000000;
01/05/2000;0,01;1,00000000000000;
01/06/2000;0,01;1,00000000000000;
01/07/2000;0,01;1,00000000000000;
01/08/2000;0,01;1,00000000000000;
01/09/2000;0,01;1,00000000000000;
01/10/2000;0,01;1,00000000000000;
01/11/2000;0,01;1,00000000000000;
01/12/2000;0,01;1,00000000000000;
01/01/2001;0,01;1,00000000000000;
01/02/2001;0,01;1,00000000000000;
01/03/2001;0,01;1,00000000000000;
01/04/2001;0,01;1,00000000000000;
01/05/2001;0,01;1,00000000000000;
01/06/2001;0,01;1,00000000000000;
01/07/2001;0,01;1,00000000000000;
01/08/2001;0,01;1,00000000000000;
01/09/2001;0,01;1,00000000000000;
01/10/2001;0,01;1,00000000000000;
01/11/2001;0,01;1,00000000000000;
01/12/2001;0,01;1,00000000000000;
01/01/2002;0,01;1,00000000000000;
01/02/2002;0,01;1,00000000000000;
01/03/2002;0,01;1,00000000000000;
01/04/2002;0,01;1,00000000000000;
01/05/2002;0,01;1,00000000000000;
01/06/2002;0,01;1,00000000000000;
01/07/2002;0,01;1,00000000000000;
01/08/2002;0,01;1,00000000000000;
01/09/2002;0,01;1,00000000000000;
01/10/2002;0,01;1,00000000000000;
01/11/2002;0,01;1,00000000000000;
01/12/2002;0,01;1,00000000000000;
01/01/2003;0,01;1,00000000000000;
01/02/2003;0,01;1,00000000000000;
01/03/2003;0,01;1,00000000000000;
01/04/2003;0,01;1,00000000000000;
01/05/2003;0,01;1,00000000000000;
01/06/2003;0,01;1,00000000000000;
01/07/2003;0,01;1,00000000000000;
01/08/2003;0,01;1,00000000000000;
01/09/2003;0,01;1,00000000000000;
01/10/2003;0,01;1,00000000000000;
01/11/2003;0,01;1,00000000000000;
01/12/2003;0,01;1,00000000000000;
01/01/2004;0,01;1,00000000000000;
01/02/2004;0,01;1,00000000000000;
01/03/2004;0,01;1,00000000000000;
01/04/2004;0,01;1,00000000000000;
01/05/2004;0,01;1,00000000000000;
01/06/2004;0,01;1,00000000000000;
01/07/2004;0,01;1,00000000000000;
01/08/2004;0,01;1,00000000000000;
01/09/2004;0,01;1,00000000000000;
01/10/2004;0,01;1,00000000000000;
01/11/2004;0,01;1,00000000000000;
01/12/2004;0,01;1,00000000000000;
01/01/2005;0,01;1,00000000000000;
01/02/2005;0,01;1,00000000000000;
01/03/2005;0,01;1,00000000000000;
01/04/2005;0,01;1,00000000000000;
01/05/2005;0,01;1,00000000000000;
01/06/2005;0,01;1,00000000000000;
01/07/2005;0,01;1,00000000000000;
01/08/2005;0,01;1,00000000000000;
01/09/2005;0,01;1,00000000000000;
01/10/2005;0,01;1,00000000000000;
01/11/2005;0,01;1,00000000000000;
01/12/2005;0,01;1,00000000000000;
01/01/2006;0,01;1,00000000000000;
01/02/2006;0,01;1,00000000000000;
01/03/2006;0,01;1,00000000000000;
01/04/2006;0,01;1,00000000000000;
01/05/2006;0,01;1,00000000000000;
01/06/2006;0,01;1,00000000000000;
01/07/2006;0,01;1,00000000000000;
01/08/2006;0,01;1,00000000000000;
01/09/2006;0,01;1,00000000000000;
01/10/2006;0,01;1,00000000000000;
01/11/2006;0,01;1,00000000000000;
01/12/2006;0,01;1,00000000000000;
01/01/2007;0,01;1,00000000000000;
01/02/2007;0,01;1,00000000000000;
01/03/2007;0,01;1,00000000000000;
01/04/2007;0,01;1,00000000000000;
01/05/2007;0,01;1,00000000000000;
01/06/2007;0,01;1,00000000000000;
01/07/2007;0,01;1,00000000000000;
01/08/2007;0,01;1,00000000000000;
01/09/2007;0,01;1,00000000000000;
01/10/2007;0,01;1,00000000000000;
01/11/2007;0,01;1,00000000000000;
01/12/2007;0,01;1,00000000000000;
01/01/2008;0,01;1,00000000000000;
01/02/2008;0,01;1,00000000000000;
01/03/2008;0,01;1,00000000000000;
01/04/2008;0,01;1,00000000000000;
01/05/2008;0,01;1,00000000000000;
01/06/2008;0,01;1,00000000000000;
01/07/2008;0,01;1,00000000000000;
01/08/2008;0,01;1,00000000000000;
01/09/2008;0,01;1,00000000000000;
01/10/2008;0,01;1,00000000000000;
01/11/2008;0,01;1,00000000000000;
01/12/2008;0,01;1,00000000000000;
01/01/2009;0,01;1,00000000000000;
01/02/2009;0,01;1,00000000000000;
01/03/2009;0,01;1,00000000000000;
01/04/2009;0,01;1,00000000000000;
01/05/2009;0,01;1,00000000000000;
01/06/2009;0,01;1,00000000000000;
01/07/2009;0,005;0,50000000000000;
01/08/2009;0,005;0,50000000000000;
01/09/2009;0,005;0,50000000000000;
01/10/2009;0,005;0,50000000000000;
01/11/2009;0,005;0,50000000000000;
01/12/2009;0,005;0,50000000000000;
01/01/2010;0,005;0,50000000000000;
01/02/2010;0,005;0,50000000000000;
01/03/2010;0,005;0,50000000000000;
01/04/2010;0,005;0,50000000000000;
01/05/2010;0,005;0,50000000000000;
01/06/2010;0,005;0,50000000000000;
01/07/2010;0,005;0,50000000000000;
01/08/2010;0,005;0,50000000000000;
01/09/2010;0,005;0,50000000000000;
01/10/2010;0,005;0,50000000000000;
01/11/2010;0,005;0,50000000000000;
01/12/2010;0,005;0,50000000000000;
01/01/2011;0,005;0,50000000000000;
01/02/2011;0,005;0,50000000000000;
01/03/2011;0,005;0,50000000000000;
01/04/2011;0,005;0,50000000000000;
01/05/2011;0,005;0,50000000000000;
01/06/2011;0,005;0,50000000000000;
01/07/2011;0,005;0,50000000000000;
01/08/2011;0,005;0,50000000000000;
01/09/2011;0,005;0,50000000000000;
01/10/2011;0,005;0,50000000000000;
01/11/2011;0,005;0,50000000000000;
01/12/2011;0,005;0,50000000000000;
01/01/2012;0,005;0,50000000000000;
01/02/2012;0,005;0,50000000000000;
01/03/2012;0,005;0,50000000000000;
01/04/2012;0,005;0,50000000000000;
01/05/2012;0,005;0,50000000000000;
01/06/2012;0,004828042512537767;0,48280000000000;
01/07/2012;0,004828042512537767;0,48280000000000;
01/08/2012;0,0045510066248739545;0,45510000000000;
01/09/2012;0,004273127766158069;0,42730000000000;
01/10/2012;0,004273127766158069;0,42730000000000;
01/11/2012;0,0041338705431108735;0,41340000000000;
01/12/2012;0,0041338705431108735;0,41340000000000;
01/01/2013;0,0041338705431108735;0,41340000000000;
01/02/2013;0,0041338705431108735;0,41340000000000;
01/03/2013;0,0041338705431108735;0,41340000000000;
01/04/2013;0,0041338705431108735;0,41340000000000;
01/05/2013;0,004273127766158069;0,42730000000000;
01/06/2013;0,0045510066248739545;0,45510000000000;
01/07/2013;0,0045510066248739545;0,45510000000000;
01/08/2013;0,004828042512537767;0,48280000000000;
01/09/2013;0,005;0,50000000000000;
01/10/2013;0,005;0,50000000000000;
01/11/2013;0,005;0,50000000000000;
01/12/2013;0,005;0,50000000000000;
01/01/2014;0,005;0,50000000000000;
01/02/2014;0,005;0,50000000000000;
01/03/2014;0,005;0,50000000000000;
01/04/2014;0,005;0,50000000000000;
01/05/2014;0,005;0,50000000000000;
01/06/2014;0,005;0,50000000000000;
01/07/2014;0,005;0,50000000000000;
01/08/2014;0,005;0,50000000000000;
01/09/2014;0,005;0,50000000000000;
01/10/2014;0,005;0,50000000000000;
01/11/2014;0,005;0,50000000000000;
01/12/2014;0,005;0,50000000000000;
01/01/2015;0,005;0,50000000000000;
01/02/2015;0,005;0,50000000000000;
01/03/2015;0,005;0,50000000000000;
01/04/2015;0,005;0,50000000000000;
01/05/2015;0,005;0,50000000000000;
01/06/2015;0,005;0,50000000000000;
01/07/2015;0,005;0,50000000000000;
01/08/2015;0,005;0,50000000000000;
01/09/2015;0,005;0,50000000000000;
01/10/2015;0,005;0,50000000000000;
01/11/2015;0,005;0,50000000000000;
01/12/2015;0,005;0,50000000000000;
01/01/2016;0,005;0,50000000000000;
01/02/2016;0,005;0,50000000000000;
01/03/2016;0,005;0,50000000000000;
01/04/2016;0,005;0,50000000000000;
01/05/2016;0,005;0,50000000000000;
01/06/2016;0,005;0,50000000000000;
01/07/2016;0,005;0,50000000000000;
01/08/2016;0,005;0,50000000000000;
01/09/2016;0,005;0,50000000000000;
01/10/2016;0,005;0,50000000000000;
01/11/2016;0,005;0,50000000000000;
01/12/2016;0,005;0,50000000000000;
01/01/2017;0,005;0,50000000000000;
01/02/2017;0,005;0,50000000000000;
01/03/2017;0,005;0,50000000000000;
01/04/2017;0,005;0,50000000000000;
01/05/2017;0,005;0,50000000000000;
01/06/2017;0,005;0,50000000000000;
01/07/2017;0,005;0,50000000000000;
01/08/2017;0,005;0,50000000000000;
01/09/2017;0,005;0,50000000000000;
01/10/2017;0,004689629605800327;0,46900000000000;
01/11/2017;0,004273127766158069;0,42730000000000;
01/12/2017;0,004273127766158069;0,42730000000000;
01/01/2018;0,003994400555316968;0,39940000000000;
01/02/2018;0,003994400555316968;0,39940000000000;
01/03/2018;0,003854717121942075;0,38550000000000;
01/04/2018;0,0037148195588312394;0,37150000000000;
01/05/2018;0,0037148195588312394;0,37150000000000;
01/06/2018;0,0037148195588312394;0,37150000000000;
01/07/2018;0,0037148195588312394;0,37150000000000;
01/08/2018;0,0037148195588312394;0,37150000000000;
01/09/2018;0,0037148195588312394;0,37150000000000;
01/10/2018;0,0037148195588312394;0,37150000000000;
01/11/2018;0,0037148195588312394;0,37150000000000;
01/12/2018;0,0037148195588312394;0,37150000000000;
01/01/2019;0,0037148195588312394;0,37150000000000;
01/02/2019;0,0037148195588312394;0,37150000000000;
01/03/2019;0,0037148195588312394;0,37150000000000;
01/04/2019;0,0037148195588312394;0,37150000000000;
01/05/2019;0,0037148195588312394;0,37150000000000;
01/06/2019;0,0037148195588312394;0,37150000000000;
01/07/2019;0,0037148195588312394;0,37150000000000;
01/08/2019;0,003434379290046863;0,34340000000000;
01/09/2019;0,003434379290046863;0,34340000000000;
01/10/2019;0,0031530742084739938;0,31530000000000;
01/11/2019;0,002870898719076642;0,28710000000000;
01/12/2019;0,002870898719076642;0,28710000000000;
01/01/2020;0,002587847171547919;0,25880000000000;
01/02/2020;0,002587847171547919;0,25880000000000;
01/03/2020;0,0024459910949696795;0,24460000000000;
01/04/2020;0,0021616147432015342;0,21620000000000;
01/05/2020;0,0021616147432015342;0,21620000000000;
01/06/2020;0,00173337883251512;0,17330000000000;
01/07/2020;0,0013031196473178852;0,13030000000000;
01/08/2020;0,0013031196473178852;0,13030000000000;
01/09/2020;0,0011592468385308585;0,11590000000000;
01/10/2020;0,0011592468385308585;0,11590000000000;
01/11/2020;0,0011592468385308585;0,11590000000000;
01/12/2020;0,0011592468385308585;0,11590000000000;
01/01/2021;0,0011592468385308585;0,11590000000000;
01/02/2021;0,0011592468385308585;0,11590000000000;
01/03/2021;0,0011592468385308585;0,11590000000000;
01/04/2021;0,0015901848983437272;0,15900000000000;
01/05/2021;0,0015901848983437272;0,15900000000000;
01/06/2021;0,0020190930200914003;0,20190000000000;
01/07/2021;0,0024459910949696795;0,24460000000000;
01/08/2021;0,0024459910949696795;0,24460000000000;
01/09/2021;0,0030120956165935464;0,30120000000000;
01/10/2021;0,0035747071784870688;0,35750000000000;
